Stock Index,Stock Price
AC3235,720.7593749
AC3236,297.7044342
AC3237,1425.037313
AC3238,687.0898553
AC3239,317.8754177
AC3240,394.5508115
AC3241,627.8582868
AC3242,955.8465318
AC3243,865.21936
AC3244,1204.621945
AC3245,364.5844019
AC3246,395.7575621
AC3247,717.4297251
AC3248,250.3649416
AC3249,230.245512
AC3250,290.121641
AC3251,1377.685136
AC3252,187.5234557
AC3253,374.4661862
AC3254,232.6243822
AC3255,1023.714246
AC3256,908.9767246
AC3257,1313.743367
AC3258,479.9016358
AC3259,272.719316
AC3260,313.3557066
AC3261,199.7715028
AC3262,218.8459643
AC3263,382.9963458
AC3264,177.3712852
AC3265,990.7618712
AC3266,875.6569703
AC3267,511.3225961
AC3268,832.6501128
AC3269,439.6202328
AC3270,726.0186637
AC3271,118.5998885
AC3272,370.5685886
AC3273,806.1129255
AC3274,638.9673912
AC3275,497.7709355
AC3276,656.8010442
AC3277,814.2886865
AC3278,842.9243324
AC3279,195.8670356
AC3280,437.5019713
AC3281,870.8178863
AC3282,173.200738
AC3283,684.222853
AC3284,768.2836715
AC3285,192.976313
AC3286,820.5547115
AC3287,257.8435771
AC3288,194.1899336
AC3289,270.2937927
AC3290,292.7358773
AC3291,180.152937
AC3292,176.0494462
AC3293,466.989888
AC3294,284.8437278
AC3295,584.8098166
AC3296,178.5052117
AC3297,660.6644913
AC3298,709.8618622
AC3299,231.3697693
AC3300,104.2565591
AC3301,719.9103979
AC3302,218.7358467
AC3303,1164.250526
AC3304,89.11103917
AC3305,260.0230478
AC3306,358.7874909
AC3307,85.46440857
AC3308,272.9784855
AC3309,384.6320326
AC3310,702.0161367
AC3311,1055.539784
AC3312,873.0704189
AC3313,93.0679798
AC3314,142.0324129
AC3315,167.2290852
AC3316,402.0337802
AC3317,985.5766712
AC3318,555.832794
AC3319,1177.758068
AC3320,104.385534
AC3321,159.8018567
AC3322,278.7545376
AC3323,882.6390352
AC3324,143.1396536
AC3325,291.5903855
AC3326,417.5749205
AC3327,116.1079523
AC3328,227.0180267
AC3329,732.8664967
AC3330,881.8371075
AC3331,355.6542845
AC3332,747.5607812
AC3333,1288.938311
AC3334,278.6947777
AC3335,550.9849401
AC3336,196.7717424
AC3337,653.6872534
AC3338,1490.228564
AC3339,859.1494619
AC3340,145.1587545
AC3341,1187.830979
AC3342,1171.940082
AC3343,334.3475203
AC3344,140.6948589
AC3345,226.2822352
AC3346,122.6567856
AC3347,306.4802365
AC3348,607.5287495
AC3349,475.5340043
AC3350,350.2459125
AC3351,681.0581106
AC3352,97.18023289
AC3353,451.4197737
AC3354,302.6278244
AC3355,641.8192739
AC3356,298.3586443
AC3357,569.8874555
AC3358,1491.681467
AC3359,1275.921902
AC3360,1168.777736
AC3361,334.5739844
AC3362,399.8473349
AC3363,526.4130541
AC3364,378.5785945
AC3365,136.355797
AC3366,373.7648018
AC3367,325.164333
AC3368,650.1127269
AC3369,315.4914853
AC3370,558.8598671
AC3371,377.332594
AC3372,484.2026238
AC3373,276.5479355
AC3374,333.4456224
AC3375,1008.105038
AC3376,405.5100999
AC3377,282.6486047
AC3378,383.8246624
AC3379,631.2666107
AC3380,191.7064378
AC3381,395.6552634
AC3382,550.5652453
AC3383,172.4419318
AC3384,276.8462876
AC3385,280.3104525
AC3386,216.237389
AC3387,295.5330115
AC3388,1400.729918
AC3389,310.4708266
AC3390,287.4608481
AC3391,741.7502406
AC3392,606.4811649
AC3393,472.2425183
AC3394,571.2763643
AC3395,1336.016978
AC3396,111.5303041
AC3397,613.4602331
AC3398,394.4383264
AC3399,138.8854905
AC3400,278.0324627
AC3401,164.9732609
AC3402,509.668267
AC3403,306.4575152
AC3404,152.1471891
AC3405,141.1818502
AC3406,300.1558021
AC3407,227.9280976
AC3408,639.5016573
AC3409,1149.445374
AC3410,877.1918528
AC3411,963.811544
AC3412,1317.313288
AC3413,220.4521681
AC3414,327.1557016
AC3415,272.1740685
AC3416,552.5873124
AC3417,888.139074
AC3418,196.2562356
AC3419,1308.30269
AC3420,259.0012111
AC3421,272.8839452
AC3422,898.8968508
AC3423,141.7368181
AC3424,1105.572151
AC3425,278.3877639
AC3426,150.3590512
AC3427,408.9693895
AC3428,785.8972682
AC3429,634.5451996
AC3430,362.4195139
AC3431,502.8359804
AC3432,504.7407911
AC3433,302.2591378
AC3434,910.5345047
AC3435,1069.478262
AC3436,459.6123344
AC3437,309.9198307
AC3438,1349.858933
AC3439,171.7198267
AC3440,1178.152849
AC3441,526.4430027
AC3442,99.13239231
AC3443,592.3041675
AC3444,188.21034
AC3445,233.6920221
AC3446,834.8861338
AC3447,941.6246965
AC3448,203.2018124
AC3449,1052.259117
AC3450,250.1946006
AC3451,1063.777137
AC3452,647.0235064
AC3453,679.090815
AC3454,159.423303
AC3455,757.9611499
AC3456,207.8751741
AC3457,577.6036599
AC3458,743.3019378
AC3459,1453.404858
AC3460,520.5484368
AC3461,561.5464555
AC3462,489.8054969
AC3463,1243.547066
AC3464,351.5756149
AC3465,575.5183634
AC3466,276.0605296
AC3467,150.9053778
AC3468,1234.105876
AC3469,348.8804419
AC3470,437.4354388
AC3471,665.9507015
AC3472,264.2161037
AC3473,452.3437371
AC3474,416.2362758
AC3475,135.2527547
AC3476,525.4195815
AC3477,849.2197575
AC3478,244.072617
AC3479,226.7233503
AC3480,243.1788085
AC3481,1119.170481
AC3482,438.0490212
AC3483,1010.52447
AC3484,913.1680464
AC3485,854.1800839
AC3486,146.0442839
AC3487,259.2373044
AC3488,1533.268671
AC3489,720.7949572
AC3490,1381.070395
AC3491,408.0883841
AC3492,863.4028585
AC3493,96.16685087
AC3494,1021.013679
AC3495,188.2032999
AC3496,1184.561322
AC3497,407.9500793
AC3498,98.91990805
AC3499,395.457069
AC3500,229.8556506
AC3501,252.9162495
AC3502,309.0529881
AC3503,323.2386253
AC3504,1065.63737
AC3505,1106.598514
AC3506,438.1009049
AC3507,898.8905752
AC3508,781.4183155
AC3509,420.3107189
AC3510,1177.028276
AC3511,968.5212239
AC3512,1018.939793
AC3513,555.1500182
AC3514,190.0470663
AC3515,923.1988803
AC3516,549.2331184
AC3517,555.3058868
AC3518,554.2060698
AC3519,971.5077542
AC3520,1431.68428
AC3521,662.7368003
AC3522,1089.737047
AC3523,1009.716886
AC3524,1053.230125
AC3525,809.0113853
AC3526,493.8343406
AC3527,170.7632061
AC3528,126.2817687
AC3529,980.9243701
AC3530,537.3285825
AC3531,591.7154677
AC3532,713.7806114
AC3533,500.4781675
AC3534,860.0380272
AC3535,868.0270986
AC3536,236.4399348
AC3537,372.5825442
AC3538,887.293355
AC3539,1129.847203
AC3540,410.4620247
AC3541,538.7999109
AC3542,323.8198663
AC3543,1072.435012
AC3544,456.5692445
AC3545,482.6297066
AC3546,533.4420565
AC3547,578.7571942
AC3548,135.2093516
AC3549,1476.381477
AC3550,699.7318331
AC3551,560.9968709
AC3552,390.6516403
AC3553,934.7309949
AC3554,338.0675817
AC3555,261.7609763
AC3556,1064.1009
AC3557,585.0468253
AC3558,1163.228336
AC3559,527.8011161
AC3560,267.1511157
AC3561,273.8777979
AC3562,732.1913829
AC3563,1031.175069
AC3564,1347.879637
AC3565,664.9711794
AC3566,390.2019098
AC3567,322.0479523
AC3568,325.7366057
AC3569,324.4211764
AC3570,695.1825649
AC3571,605.4384695
AC3572,487.5250068
AC3573,1182.513257
AC3574,656.7209831
AC3575,191.3458633
AC3576,629.758949
AC3577,1428.289991
AC3578,175.9523001
AC3579,1362.24003
AC3580,260.2066845
AC3581,238.0421358
AC3582,266.5232824
AC3583,680.9249865
AC3584,274.1071276
AC3585,253.1383967
AC3586,462.8110744
AC3587,104.2130284
AC3588,366.6365709
AC3589,183.7549899
AC3590,340.3989568
AC3591,344.0699066
AC3592,292.7502393
AC3593,94.28734744
AC3594,163.6341691
AC3595,398.777727
AC3596,702.3005449
AC3597,156.0716168
AC3598,262.0502188
AC3599,1105.555189
AC3600,1201.480125
AC3601,945.1522871
AC3602,692.9154741
AC3603,1477.626751
AC3604,304.3759951
AC3605,750.1629093
AC3606,1148.583295
AC3607,101.3032582
AC3608,1050.749209
AC3609,535.4638918
AC3610,217.6488702
AC3611,750.6690405
AC3612,136.9160685
AC3613,1163.833692
AC3614,449.6833249
AC3615,468.8051306
AC3616,354.8698907
AC3617,1246.266731
AC3618,174.8889264
AC3619,395.8145262
AC3620,202.2001521
AC3621,728.0819133
AC3622,303.0080884
AC3623,420.8681128
AC3624,684.1336212
AC3625,285.4596865
AC3626,282.3051359
AC3627,622.4267569
AC3628,118.8211076
AC3629,111.1331618
AC3630,625.5396276
AC3631,116.8814543
AC3632,196.5596203
AC3633,309.7237067
AC3634,1295.766623
AC3635,310.3460033
AC3636,1128.654737
AC3637,403.9428498
AC3638,1027.752182
AC3639,233.7340491
AC3640,892.722102
AC3641,521.9667394
AC3642,251.3437307
AC3643,594.4223895
AC3644,626.5400368
AC3645,1113.16926
AC3646,731.9963415
AC3647,342.5457257
AC3648,207.9463261
AC3649,395.3106662
AC3650,636.5548751
AC3651,1192.483915
AC3652,378.0235171
AC3653,610.2764458
AC3654,1174.838674
AC3655,350.9485436
AC3656,369.5633372
AC3657,722.7442247
AC3658,759.7549256
AC3659,526.0000063
AC3660,150.9150354
AC3661,150.3619313
AC3662,438.5613668
AC3663,677.0470683
AC3664,444.8969446
AC3665,745.5268115
AC3666,418.3218544
AC3667,627.9677743
AC3668,1123.989477
AC3669,1131.906821
AC3670,475.7808884
AC3671,213.1657238
AC3672,359.9977234
AC3673,789.6315284
AC3674,912.9939701
AC3675,587.9945241
AC3676,1261.483164
AC3677,1000.578216
AC3678,1161.858815
AC3679,466.7570924
AC3680,673.3087723
AC3681,574.933694
AC3682,377.9358386
AC3683,538.4613263
AC3684,475.2856346
AC3685,249.8521528
AC3686,299.0635011
AC3687,772.5133196
AC3688,205.9781008
AC3689,670.403643
AC3690,638.2411508
AC3691,506.0748851
AC3692,335.5172147
AC3693,163.0013635
AC3694,332.887577
AC3695,258.0487789
AC3696,292.0225877
AC3697,357.527126
AC3698,280.7716176
AC3699,176.6668979
AC3700,1129.905263
AC3701,249.571904
AC3702,492.0248177
AC3703,214.6724829
AC3704,307.4102237
AC3705,639.0179615
AC3706,638.856658
AC3707,1324.549183
AC3708,1135.096817
AC3709,501.4775782
AC3710,226.4108183
AC3711,1058.732273
AC3712,332.6655697
AC3713,987.922533
AC3714,1320.339828
AC3715,1228.181653
AC3716,280.9976291
AC3717,829.5608369
AC3718,1294.823892
AC3719,1079.435911
AC3720,288.7249986
AC3721,409.7431624
AC3722,1356.960846
AC3723,660.3034609
AC3724,188.4200093
AC3725,802.0203769
AC3726,145.6971066
AC3727,591.4900405
AC3728,309.453436
AC3729,404.8370748
AC3730,573.8251741
AC3731,878.9326809
AC3732,565.2658536
AC3733,257.397082
AC3734,468.0737472
AC3735,434.3058648
AC3736,643.0691128
AC3737,462.0970341
AC3738,394.3914385
AC3739,97.08566737
AC3740,361.2488193
AC3741,837.4356204
AC3742,685.2534389
AC3743,796.6925617
AC3744,116.6703317
AC3745,229.9321067
AC3746,392.5150557
AC3747,467.181232
AC3748,306.9408263
AC3749,496.5115331
AC3750,1331.436895
AC3751,105.1500033
AC3752,145.9698692
AC3753,429.1862054
AC3754,587.5762691
AC3755,142.6169209
AC3756,328.3605291
AC3757,668.490982
AC3758,695.8371861
AC3759,579.5680245
AC3760,279.4320059
AC3761,451.4562143
AC3762,499.5002954
AC3763,914.8546257
AC3764,495.6104255
AC3765,344.8638931
AC3766,412.5928201
AC3767,171.2921181
AC3768,960.9465625
AC3769,1082.361471
AC3770,185.8950006
AC3771,637.7692433
AC3772,496.2360454
AC3773,219.2059722
AC3774,299.4039186
AC3775,95.87909801
AC3776,327.3891648
AC3777,223.5248468
AC3778,885.3467261
AC3779,1412.844835
AC3780,148.4311779
AC3781,597.598836
AC3782,196.3438677
AC3783,566.0742322
AC3784,361.2213636
AC3785,375.4153343
AC3786,411.0219783
AC3787,223.5249054
AC3788,800.3437998
AC3789,1284.81312
AC3790,702.2682427
AC3791,219.2287105
AC3792,731.6853962
AC3793,304.089778
AC3794,888.6263676
AC3795,431.1801483
AC3796,329.6129842
AC3797,185.7445781
AC3798,588.0255146
AC3799,1046.622154
AC3800,169.3579992
AC3801,208.9320145
AC3802,296.2214531
AC3803,121.5181163
AC3804,66.88768782
AC3805,93.64947453
AC3806,682.6094816
AC3807,195.6260383
AC3808,1259.934514
AC3809,331.3793383
AC3810,538.7083815
AC3811,322.7329767
AC3812,541.770873
AC3813,1038.873489
AC3814,744.114932
AC3815,187.308953
AC3816,789.9221461
AC3817,351.3460871
AC3818,1499.756114
AC3819,260.8475938
AC3820,165.7018327
AC3821,244.2950172
AC3822,325.6910149
AC3823,410.6099642
AC3824,440.9609621
AC3825,359.6772032
AC3826,409.2071096
AC3827,536.8891833
AD1,252.1499558
AD2,431.2835463
AD3,193.2203072
AD4,691.9923138
AD5,213.647163
AD6,191.6852436
AD7,343.3654271
AD8,694.4415541
AD9,605.8492647
AD10,383.2140903
AD11,237.5742895
AD12,180.2661268
AD13,839.2590899
AD14,637.6110259
AD15,983.4051628
AD16,596.7655666
AD17,857.9345652
AD18,569.8541537
AD19,1422.531051
AD20,354.6724065
AD21,895.8829033
AD22,1143.533053
AD23,1311.420956
AD24,275.2413077
AD25,709.9470183
AD26,512.1751382
AD27,391.7112421
AD28,282.8707444
AD29,905.9256246
AD30,1093.041571
AD31,377.7305447
AD32,365.2050036
AD33,488.0353973
AD34,311.9118064
AD35,682.0233001
AD36,198.7947822
AD37,100.5526496
AD38,1391.848389
AD39,852.0216058
AD40,451.1212135
AD41,84.21027353
AD42,231.7079775
AD43,302.9008363
AD44,705.4312017
AD45,1459.499405
AD46,507.4464896
AD47,290.171527
AD48,318.8966402
AD49,307.1050343
AD50,563.8597216
AD51,103.7893618
AD52,131.7136601
AD53,495.5609055
AD54,148.6777391
AD55,596.2249906
AD56,1053.154535
AD57,795.5680912
AD58,1121.876869
AD59,713.6322843
AD60,569.1994448
AD61,709.1831793
AD62,1400.127969
AD63,687.0745968
AD64,931.4159628
AD65,255.9180045
AD66,399.2129372
AD67,183.0205206
AD68,1040.628571
AD69,276.5600639
AD70,71.8912884
AD71,456.5667627
AD72,610.5915908
AD73,423.6757439
AD74,272.4606162
AD75,841.2854247
AD76,1369.819306
AD77,274.9735812
AD78,392.1924302
AD79,1304.981119
AD80,694.3236897
AD81,1065.662047
AD82,590.7072704
AD83,168.2220737
AD84,476.9254722
AD85,987.0280376
AD86,527.0551925
AD87,543.028789
AD88,628.3634003
AD89,132.9010093
AD90,726.8397074
AD91,1287.830756
AD92,384.4608606
AD93,566.8624287
AD94,502.4525798
AD95,269.7741827
AD96,702.3037681
AD97,336.7594519
AD98,1004.849831
AD99,94.79328314
AD100,900.6649709
AD101,297.4303337
AD102,251.087989
AD103,208.6630539
AD104,288.913308
AD105,777.9592971
AD106,906.1652912
AD107,1207.546017
AD108,1112.862743
AD109,211.5125603
AD110,562.5366006
AD111,533.26805
AD112,1136.402987
AD113,392.8862806
AD114,384.4019942
AD115,357.7640739
AD116,615.1726301
AD117,890.3642914
AD118,189.5870771
AD119,381.0436909
AD120,154.841381
AD121,156.5489234
AD122,697.3498601
AD123,89.39959102
AD124,531.2539219
AD125,596.4904785
AD126,413.3805167
AD127,1106.2211
AD128,410.1262325
AD129,583.5953733
AD130,320.4573281
AD131,837.8569601
AD132,464.3653818
AD133,622.2923337
AD134,366.1706688
AD135,1322.450828
AD136,648.6104547
AD137,505.7067346
AD138,737.7500329
AD139,1399.820773
AD140,378.5978451
AD141,194.5224509
AD142,918.9395998
AD143,223.4659991
AD144,278.4257266
AD145,361.3137374
AD146,1119.823232
AD147,800.1311747
AD148,802.122185
AD149,1079.850357
AD150,651.9816866
AD151,351.2737157
AD152,1105.198884
AD153,494.5433767
AD154,402.5367632
AD155,531.0693314
AD156,260.8101378
AD157,1167.093837
AD158,391.1670549
AD159,731.0901922
AD160,1072.165374
AD161,628.3334655
AD162,227.5206951
AD163,517.3281217
AD164,709.8627842
AD165,600.084412
AD166,445.8977491
AD167,377.1205616
AD168,478.9515847
AD169,801.2565329
AD170,193.2981683
AD171,666.4272807
AD172,240.1863857
AD173,639.5358773
AD174,621.5493399
AD175,397.1856827
AD176,360.7439039
AD177,434.2148121
AD178,1111.073554
AD179,955.3024706
AD180,146.6949811
AD181,1162.293546
AD182,300.0316999
AD183,145.3380048
AD184,1278.939066
AD185,463.882668
AD186,1255.017766
AD187,533.2792353
AD188,141.6506635
AD189,1071.125876
AD190,412.9876247
AD191,190.5175402
AD192,709.0060742
AD193,76.76348974
AD194,365.3382845
AD195,560.1553341
AD196,705.061955
AD197,1030.249181
AD198,330.8326133
AD199,149.7708373
AD200,624.564001
AD201,1192.706836
AD202,167.014046
AD203,593.9680127
AD204,1093.408298
AD205,315.7561572
AD206,380.6840527
AD207,785.1836494
AD208,674.2556436
AD209,705.311851
AD210,1523.07041
AD211,423.8047945
AD212,1075.887102
AD213,1144.022119
AD214,424.8638994
AD215,611.0736074
AD216,85.65527389
AD217,1368.987571
AD218,791.0719562
AD219,371.1371184
AD220,445.8746438
AD221,456.1063571
AD222,1211.008054
AD223,118.8837911
AD224,823.2631525
AD225,437.6133293
AD226,1478.316685
AD227,485.2586156
AD228,296.8321612
AD229,391.0252124
AD230,417.2990674
AD231,408.8496038
AD232,809.5126005
AD233,546.0138227
AD234,583.3430969
AD235,385.884114
AD236,336.9144688
AD237,454.9373095
AD238,671.1360569
AD239,888.4318446
AD240,1381.457392
AD241,632.221278
AD242,179.2514506
AD243,873.9642292
AD244,647.0790379
AD245,275.6814991
AD246,625.1470961
AD247,1252.813263
AD248,754.7705654
AD249,342.2818603
AD250,883.3987148
AD251,595.6826898
AD252,1280.330463
AD253,234.9916297
AD254,195.5675185
AD255,627.4417315
AD256,221.8558658
AD257,1479.166862
AD258,579.8165181
AD259,255.7853241
AD260,724.0200502
AD261,176.2677329
AD262,132.8217681
AD263,667.8478894
AD264,361.5558599
AD265,647.9600975
AD266,343.498248
AD267,251.1610147
AD268,1023.035869
AD269,735.7140638
AD270,1315.099913
AD271,321.5997391
AD272,540.9175614
AD273,134.7485377
AD274,287.7827247
AD275,867.7206855
AD276,206.6269504
AD277,145.496219
AD278,745.1108325
AD279,307.8932247
AD280,807.0813188
AD281,429.1955704
AD282,1233.916731
AD283,184.5057069
AD284,128.6461957
AD285,395.0253555
AD286,114.019191
AD287,525.2743072
AD288,324.4288545
AD289,149.7628416
AD290,1457.965393
AD291,187.0807616
AD292,793.3547232
AD293,661.0970411
AD294,731.9764622
AD295,296.4607295
AD296,534.2069235
AD297,100.1325225
AD298,645.1788871
AD299,713.9348237
AD300,319.2107281
AD301,188.1246131
AD302,415.8840076
AD303,451.0000749
AD304,1026.03643
AD305,567.6275837
AD306,385.7919197
AD307,340.8549956
AD308,371.4572614
AD309,264.3865932
AD310,552.4345082
AD311,714.876601
AD312,1465.831868
AD313,1295.49791
AD314,177.0562781
AD315,626.8717679
AD316,521.6693227
AD317,1145.073684
AD318,510.4235178
AD319,374.033763
AD320,508.5479748
AD321,1054.700279
AD322,346.2200372
AD323,162.8015441
AD324,681.1923755
AD325,1137.841107
AD326,468.3520426
AD327,1215.532153
AD328,314.1615449
AD329,1118.144577
AD330,758.0848973
AD331,474.9363978
AD332,513.8876878
AD333,455.3751704
AD334,374.3195454
AD335,314.1205572
AD336,141.6149838
AD337,489.0554942
AD338,317.7137985
AD339,1103.279088
AD340,515.8019202
AD341,391.4649887
AD342,339.5476727
AD343,272.2619132
AD344,1150.011313
AD345,209.2393884
AD346,524.2648125
AD347,1009.903093
AD348,220.1621574
AD349,883.0447666
AD350,616.5129028
AD351,721.6648681
AD352,516.4976243
AD353,406.9799351
AD354,362.9664709
AD355,1350.694057
AD356,434.9811063
AD357,108.4948478
AD358,498.2485752
AD359,158.385847
AD360,851.3645725
AD361,216.892466
AD362,285.2380064
AD363,736.1303871
AD364,629.2383275
AD365,292.0561938
AD366,205.9807003
AD367,328.4294789
AD368,235.597047
AD369,374.9378867
AD370,554.863825
AD371,101.214064
AD372,1283.576713
AD373,1294.634769
AD374,236.4072053
AD375,752.522497
AD376,651.030952
AD377,1448.888599
AD378,341.7053147
AD379,1168.254449
AD380,124.5437361
AD381,214.1022384
AD382,277.7134755
AD383,275.2655841
AD384,298.9940775
AD385,296.4561953
AD386,654.4400016
AD387,325.8873325
AD388,775.4211086
AD389,619.7348608
AD390,606.0991331
AD391,732.6863124
AD392,749.5702516
AD393,1184.98346
AD394,165.8341919
AD395,361.8624859
AD396,241.4625816
AD397,957.0188371
AD398,463.2557189
AD399,1237.962444
AD400,224.5823401
AD401,785.2362525
AD402,218.5456908
AD403,731.6891931
AD404,1219.595042
AD405,339.3443355
AD406,279.1893018
AD407,498.0123672
AD408,378.3443037
AD409,114.3116831
AD410,318.5376391
AD411,1029.02271
AD412,350.9013608
AD413,125.5508389
AD414,388.708005
AD415,594.097103
AD416,253.0338629
AD417,526.2370628
AD418,398.7023398
AD419,462.7223336
AD420,207.6656366
AD421,600.0590879
AD422,114.6505403
AD423,782.8285618
AD424,396.0597772
AD425,570.8971043
AD426,386.8535168
AD427,335.2080524
AD428,1156.112521
AD429,345.6877913
AD430,324.8930546
AD431,509.9618351
AD432,346.6523361
AD433,1334.107396
AD434,445.053189
AD435,601.0785068
AD436,112.5710793
AD437,248.3262478
AD438,529.2512061
AD439,99.37493923
AD440,120.7038554
AD441,445.6632544
AD442,367.5736538
AD443,482.3766921
AD444,276.0790576
AD445,999.8912479
AD446,345.8320996
AD447,1140.115983
AD448,252.3497528
AD449,869.3781602
AD450,884.1923307
AD451,1089.75221
AD452,599.9753194
AD453,378.1874523
AD454,509.236918
AD455,764.3878213
AD456,355.4087582
AD457,199.1824946
AD458,169.6674265
AD459,283.5073123
AD460,1443.127487
AD461,1146.30085
AD462,530.0114114
AD463,1344.188186
AD464,530.4912615
AD465,108.5890743
AD466,1161.810916
AD467,1102.575866
AD468,215.3226499
AD469,356.2530628
AD470,1262.744804
AD471,399.9309104
AD472,532.3833073
AD473,237.6232839
AD474,647.4525158
AD475,955.5528117
AD476,1469.727105
AD477,897.3551017
AD478,205.7755491
AD479,489.3717824
AD480,266.5165651
AD481,501.5165623
AD482,305.17797
AD483,551.5744944
AD484,1209.879997
AD485,1237.721039
AD486,154.5193302
AD487,371.4222528
AD488,585.903739
AD489,910.0999831
AD490,625.7253533
AD491,142.3641572
AD492,168.998392
AD493,840.3501358
AD494,550.605433
AD495,495.7777057
AD496,1113.645807
AD497,618.1131947
AD498,550.2966528
AD499,559.3323083
AD500,569.5719372
AD501,607.4840053
AD502,505.6876033
AD503,597.3718309
AD504,578.3328478
AD505,555.6301042
AD506,1102.749289
AD507,279.0114737
AD508,604.9386681
AD509,692.3758407
AD510,185.2741308
AD511,213.9147738
AD512,501.8419642
AD513,317.176051
AD514,216.8077639
AD515,189.0738628
AD516,392.0831201
AD517,338.7332552
AD518,798.1554657
AD519,987.3961417
AD520,689.9539964
AD521,1463.608198
AD522,616.6974467
AD523,342.6912305
AD524,687.1806508
AD525,287.7923592
AD526,440.7551347
AD527,336.9193437
AD528,160.1326718
AD529,211.5798545
AD530,1232.043969
AD531,269.7276677
AD532,265.7039672
AD533,688.1020071
AD534,715.8155128
AD535,1094.047064
AD536,159.261156
AD537,190.4133577
AD538,1014.074156
AD539,598.5249862
AD540,193.5455157
AD541,535.699535
AD542,540.4513262
AD543,369.1347772
AD544,267.2210819
AD545,1429.517872
AD546,100.4150006
AD547,397.5872713
AD548,383.6430963
AD549,949.5811498
AD550,354.4936146
AD551,669.5666814
AD552,356.7011283
AD553,153.2140825
AD554,605.3883017
AD555,406.2265226
AD556,421.5788467
AD557,415.8106937
AD558,500.546768
AD559,1127.766288
AD560,329.7091051
AD561,285.4622643
AD562,1157.346562
AD563,310.0025689
AD564,284.6107541
AD565,419.0720006
AD566,614.3240574
AD567,1161.585003
AD568,424.8773348
AD569,234.4519003
AD570,728.1862618
AD571,1096.664559
AD572,782.04548
AD573,568.1896163
AD574,1052.455402
AD575,814.6658767
AD576,59.18856495
AD577,501.2896433
AD578,1176.791176
AD579,799.1946235
AD580,303.0729118
AD581,179.1783869
AD582,339.2446113
AD583,1387.658873
AD584,643.204218
AD585,228.4584043
AD586,328.715746
AD587,654.8669264
AD588,293.5757648
AD589,268.1917098
AD590,637.5404201
AD591,719.7680472
AD592,331.9626462
AD593,826.2253872
AD594,374.4873544
AD595,945.8439227
AD596,1002.933667
AD597,1386.151528
AD598,1265.48974
AD599,382.6392902
AD600,344.0115115
AD601,212.4389723
AD602,602.4400384
AD603,291.839976
AD604,163.3772544
AD605,557.9535809
AD606,984.9856943
AD607,214.9697182
AD608,453.9498322
AD609,763.7339247
AD610,85.62413975
AD611,515.526115
AD612,749.9007364
AD613,853.7998679
AD614,787.2456176
AD615,337.2910256
AD616,537.9844171
AD617,618.7632681
AD618,123.2823694
AD619,384.1955216
AD620,902.5603057
AD621,823.4481956
AD622,115.8830479
AD623,1022.129605
AD624,762.1428636
AD625,485.4155209
AD626,436.2158165
AD627,680.8460365
AD628,227.2352373
AD629,605.4799608
AD630,449.3818234
AD631,525.1476978
AD632,157.3983291
AD633,242.5827838
AD634,102.8244661
AD635,218.0057233
AD636,396.3392143
AD637,198.2721397
AD638,437.1358549
AD639,435.081614
AD640,350.5345287
AD641,641.9506942
AD642,648.7286837
AD643,589.8288165
AD644,264.5044708
AD645,824.9966761
AD646,782.3745407
AD647,207.3770608
AD648,550.9646778
AD649,294.0248406
AD650,393.2155149
AD651,1091.970335
AD652,634.9364641
AD653,421.388355
AD654,501.3855307
AD655,374.2554782
AD656,713.3363198
AD657,898.9711408
AD658,240.2389891
AD659,1139.015984
AD660,348.6004915
AD661,1265.356278
AD662,324.7207894
AD663,289.9300017
AD664,379.4282147
AD665,205.2493481
AD666,423.1332183
AD667,337.5948162
AD668,333.4182183
AD669,306.8758761
AD670,1330.130027
AD671,627.9398834
AD672,600.2922229
AD673,977.7078834
AD674,497.2330171
AD675,310.1785247
AD676,1005.755649
AD677,428.6634215
AD678,568.9734885
AD679,131.0741761
AD680,979.8661852
AD681,1526.408682
AD682,738.1954915
AD683,939.8756203
AD684,474.4152613
AD685,1404.06968
AD686,1221.103721
AD687,410.2175131
AD688,1470.797864
AD689,421.8990247
AD690,348.075694
AD691,1049.130695
AD692,360.9351079
AD693,131.0945643
AD694,132.5163809
AD695,659.7688099
AD696,967.0304101
AD697,300.2906297
AD698,699.2721177
AD699,785.0442131
AD700,290.0887363
AD701,993.4053232
AD702,881.3152072
AD703,559.0566477
AD704,400.2985782
AD705,362.5984073
AD706,218.6363438
AD707,743.1537756
AD708,699.6626472
AD709,449.1953978
AD710,143.1684609
AD711,481.1738567
AD712,466.2197964
AD713,224.027221
AD714,98.02409907
AD715,303.0317926
AD716,475.1441248
AD717,230.8370565
AD718,486.3560819
AD719,1021.544557
AD720,122.8276937
AD721,311.865492
AD722,698.8468728
AD723,326.7237537
AD724,549.509648
AD725,514.743309
AD726,460.0386026
AD727,1173.6765
AD728,826.0132962
AD729,828.6418682
AD730,960.8738761
AD731,413.3019079
AD732,281.6687696
AD733,562.5539603
AD734,430.7649774
AD735,388.2704075
AD736,562.6790461
AD737,1106.136943
AD738,356.2070198
AD739,719.9338096
AD740,483.7407181
AD741,231.4627996
AD742,939.5408998
AD743,414.7155631
AD744,1224.404205
AD745,120.2743331
AD746,169.5428667
AD747,1187.280708
AD748,973.1259528
AD749,733.7151537
AD750,364.9493272
AD751,1135.429248
AD752,212.6308609
AD753,97.22502602
AD754,886.4014657
AD755,422.6192218
AD756,382.9422252
AD757,848.593172
AD758,659.3363952
AD759,650.3033431
AD760,179.8573465
AD761,1151.154016
AD762,623.881048
AD763,584.6662787
AD764,314.1414569
AD765,131.2489956
AD766,437.8813444
AD767,375.969838
AD768,193.2372203
AD769,85.11715351
AD770,286.5834765
AD771,125.6602902
AD772,336.3846646
AD773,271.3159869
AD774,493.6808483
AD775,309.0079958
AD776,916.6507795
AD777,604.0788003
AD778,618.3879477
AD779,710.4846699
AD780,794.1283589
AD781,490.0987833
AD782,521.5848339
AD783,506.4477258
AD784,519.8904254
AD785,119.8448005
AD786,359.1058975
AD787,392.9652241
AD788,291.9779964
AD789,882.2000014
AD790,339.7742155
AD791,1046.890371
AD792,1015.67198
AD793,1383.64558
AD794,428.0970776
AD795,1043.690677
AD796,650.3308617
AD797,1183.809303
AD798,210.1007874
AD799,238.6989266
AD800,1399.704393
AD801,1082.712596
AD802,344.5054424
AD803,612.5384503
AD804,301.2531692
AD805,770.231191
AD806,186.1802524
AD807,1079.904269
AD808,369.251855
AD809,405.6057371
AD810,313.4959079
AD811,205.7121972
AD812,686.5236113
AD813,523.2902766
AD814,1127.910637
AD815,288.3598324
AD816,1200.347973
AD817,128.5229353
AD818,520.6344251
AD819,107.2322917
AD820,1077.231682
AD821,382.1780625
AD822,813.3101615
AD823,919.9514617
AD824,969.9940613
AD825,333.0106457
AD826,355.9477422
AD827,532.9033439
AD828,320.9336204
AD829,566.7501806
AD830,409.9065727
AD831,151.4745046
AD832,236.7803589
AD833,351.2097453
AD834,277.7047675
AD835,651.1529278
AD836,281.5281252
AD837,623.539529
AD838,616.664413
AD839,1437.286129
AD840,388.5148002
AD841,415.9454447
AD842,323.5901003
AD843,617.3174175
AD844,968.1664094
AD845,597.9971723
AD846,552.6650254
AD847,510.9025928
AD848,390.9657281
AD849,1029.764945
AD850,173.0587448
AD851,706.8917572
AD852,358.1981918
AD853,538.6801851
AD854,928.7794325
AD855,249.1028512
AD856,1159.635094
AD857,309.2338741
AD858,316.2353538
AD859,704.480221
AD860,1413.36098
AD861,423.8932724
AD862,496.1033174
AD863,1214.671139
AD864,172.8917339
AD865,623.6185738
AD866,877.3480661
AD867,211.0909749
AD868,240.6196516
AD869,897.6399134
AD870,1272.702763
AD871,537.955691
AD872,475.6587431
AD873,310.1360507
AD874,528.0448091
AD875,374.6668507
AD876,134.0602891
AD877,1307.393601
AD878,396.7609419
AD879,428.4138524
AD880,676.8991275
AD881,236.1867157
AD882,616.1353081
AD883,1307.145182
AD884,441.4308574
AD885,946.9309191
AD886,282.0125603
AD887,594.1792505
AD888,548.4652545
AD889,558.0671147
AD890,443.2054049
AD891,413.0698052
AD892,624.72639
AD893,627.3017899
AD894,573.8868642
AD895,1124.034569
AD896,584.3834413
AD897,912.7580381
AD898,216.8785296
AD899,976.4924828
AD900,453.7936089
AD901,277.1042565
AD902,455.0867166
AD903,423.4063542
AD904,196.8827502
AD905,1241.845049
AD906,1077.356491
AD907,789.4932986
AD908,1262.880164
AD909,297.1764472
AD910,377.833583
AD911,502.5755536
AD912,465.9194112
AD913,1228.665536
AD914,952.352985
AD915,637.5732047
AD916,116.5948682
AD917,365.8606129
AD918,292.4988418
AD919,593.1903249
AD920,389.3206662
AD921,193.3770648
AD922,947.5200313
AD923,1165.893501
AD924,803.3559108
AD925,116.2615048
AD926,601.9475283
AD927,447.0509677
AD928,109.4359705
AD929,444.791031
AD930,802.3221612
AD931,499.5556111
AD932,799.6310392
AD933,1133.972226
AD934,245.8785701
AD935,1151.781407
AD936,1237.444004
AD937,331.9657229
AD938,213.8637039
AD939,490.1176481
AD940,624.3828811
AD941,968.2933246
AD942,269.8342382
AD943,559.9223059
AD944,227.6505589
AD945,262.3530118
AD946,271.4538522
AD947,1217.727646
AD948,459.0301466
AD949,375.6547245
AD950,73.64059517
AD951,177.8502614
AD952,373.7151492
AD953,603.3461235
AD954,112.5225009
AD955,230.833715
AD956,488.8581137
AD957,1188.828874
AD958,337.334795
AD959,248.4879766
AD960,1283.373953
AD961,750.4157493
AD962,453.5773395
AD963,613.6505188
AD964,479.7806431
AD965,607.7896961
AD966,658.806032
AD967,1073.359237
AD968,438.1485528
AD969,506.1869443
AD970,352.7784475
AD971,305.2491045
AD972,209.7554546
AD973,1090.515758
AD974,381.7422782
AD975,173.2643402
AD976,271.0954329
AD977,291.2144474
AD978,339.6524197
AD979,182.3868698
AD980,146.2717024
AD981,579.6522915
AD982,526.4713635
AD983,342.8760147
AD984,463.4739628
AD985,281.2812577
AD986,530.3151713
AD987,272.8441684
AD988,91.92910824
AD989,423.8088507
AD990,466.6087534
AD991,1006.052506
AD992,102.7010592
AD993,317.5296292
AD994,387.1101694
AD995,207.7464383
AD996,880.9139569
AD997,84.66625786
AD998,944.6656632
AD999,1126.102833
AD1000,280.2818162
AD1001,185.9080159
AD1002,148.2245456
AD1003,497.2349503
AD1004,264.5953057
AD1005,319.7084815
AD1006,338.5341965
AD1007,453.1564966
AD1008,396.9603754
AD1009,288.2141312
AD1010,1130.681503
AD1011,1241.78234
AD1012,270.3644401
AD1013,262.717584
AD1014,521.5506992
AD1015,605.7248665
AD1016,942.7413477
AD1017,1018.775682
AD1018,163.2053927
AD1019,488.3581212
AD1020,433.1710064
AD1021,1526.489683
AD1022,496.4322993
AD1023,1055.865547
AD1024,1073.67527
AD1025,1010.387722
AD1026,717.3869214
AD1027,362.7330622
AD1028,104.7220664
AD1029,946.0271248
AD1030,714.1695463
AD1031,339.9621486
AD1032,902.5239637
AD1033,1239.773315
AD1034,671.7491046
AD1035,196.3566912
AD1036,1235.963006
AD1037,382.5126612
AD1038,1411.071539
AD1039,509.5850969
AD1040,400.2880284
AD1041,466.6449874
AD1042,1104.703366
AD1043,1254.288562
AD1044,337.8226943
AD1045,898.1865862
AD1046,715.3523194
AD1047,732.5635299
AD1048,256.075796
AD1049,1335.512436
AD1050,83.26085139
AD1051,332.2391302
AD1052,249.5615633
AD1053,259.8778052
AD1054,1000.682589
AD1055,485.6263473
AD1056,1067.822924
AD1057,1117.276558
AD1058,1076.660873
AD1059,542.9785542
AD1060,1476.711154
AD1061,322.7506223
AD1062,781.2174895
AD1063,528.6489211
AD1064,502.9840224
AD1065,675.7913141
AD1066,1375.834645
AD1067,861.3092452
AD1068,172.8553411
AD1069,455.1501277
AD1070,911.4471805
AD1071,587.5861191
AD1072,1098.641282
AD1073,991.3187319
AD1074,364.0317782
AD1075,496.5243123
AD1076,592.0034476
AD1077,919.6718995
AD1078,1085.787106
AD1079,1147.460444
AD1080,267.6434568
AD1081,497.5573912
AD1082,1206.941833
AD1083,346.8312053
AD1084,480.8375567
AD1085,513.406443
AD1086,521.53451
AD1087,111.0397663
AD1088,670.3072618
AD1089,255.9048018
AD1090,1050.665963
AD1091,1005.803006
AD1092,276.6381592
AD1093,1365.291059
AD1094,489.2637952
AD1095,244.5986678
AD1096,247.4141678
AD1097,313.1260669
AD1098,210.860187
AD1099,680.5521579
AD1100,479.5818111
AD1101,596.6357783
AD1102,513.8288099
AD1103,597.9792435
AD1104,620.7354457
AD1105,703.4623131
AD1106,656.0307169
AD1107,625.3960014
AD1108,631.6684883
AD1109,559.1485851
AD1110,598.4634169
AD1111,611.4940822
AD1112,516.1492183
AD1113,562.2508528
AD1114,593.8117554
AD1115,507.8393271
AD1116,589.3274137
AD1117,576.7026146
AD1118,689.778651
AD1119,526.0271597
AD1120,543.3664578
AD1121,538.0199488
AD1122,537.209863
AD1123,616.4396325
AD1124,641.6858467
AD1125,570.8537945
AD1126,616.1100784
AD1127,575.37984
AD1128,544.2433126
AD1129,615.4868698
AD1130,581.4836015
AD1131,598.8110901
AD1132,546.1242228
AD1133,621.4997745
AD1134,543.031985
AD1135,587.4850934
AD1136,527.343733
AD1137,565.2197306
AD1138,624.4399832
AD1139,628.3550686
AD1140,651.4233888
AD1141,609.9548217
AD1142,593.1342619
AD1143,655.4055921
AD1144,549.403995
AD1145,620.4261084
AD1146,559.1847753
AD1147,657.2767614
AD1148,580.1341943
AD1149,572.7483988
AD1150,565.3387769
AD1151,601.0396115
AD1152,677.8059406
AD1153,530.8600196
AD1154,553.4683338
AD1155,598.121051
AD1156,643.1669721
AD1157,586.943763
AD1158,455.5914848
AD1159,564.3893516
AD1160,650.3658479
AD1161,539.6506059
AD1162,515.4624084
AD1163,514.9448519
AD1164,722.9386435
AD1165,548.8602495
AD1166,733.9930195
AD1167,552.0535097
AD1168,555.5125523
AD1169,623.1446532
AD1170,549.9804048
AD1171,552.7003629
AD1172,634.9159596
AD1173,559.7848443
AD1174,564.9771461
AD1175,683.9456295
AD1176,575.531156
AD1177,630.5277923
AD1178,561.7089721
AD1179,712.6660709
AD1180,624.6017257
AD1181,698.8550425
AD1182,694.8681546
AD1183,621.5512335
AD1184,581.5675794
AD1185,497.7174023
AD1186,597.9030135
AD1187,560.2277445
AD1188,646.5719151
AD1189,629.729804
AD1190,614.8993465
AD1191,773.1541124
AD1192,440.0927649
AD1193,574.3315161
AD1194,632.0605433
AD1195,667.925139
AD1196,570.081106
AD1197,602.6010176
AD1198,547.0595217
AD1199,661.0957714
AD1200,551.3536045
AD1201,666.5264993
AD1202,592.5021889
AD1203,682.0639221
AD1204,685.521547
AD1205,591.5332948
AD1206,521.0889074
AD1207,541.0706568
AD1208,539.8554868
AD1209,487.2965065
AD1210,662.0797741
AD1211,619.8969982
AD1212,580.345591
AD1213,537.4707103
AD1214,618.9945676
AD1215,646.9765617
AD1216,678.6624378
AD1217,739.7625726
AD1218,589.2146682
AD1219,658.0206316
AD1220,652.8835768
AD1221,551.0995409
AD1222,580.3488699
AD1223,649.6031472
AD1224,616.8607979
AD1225,593.3961553
AD1226,504.5536701
AD1227,613.0918603
AD1228,564.6954675
AD1229,588.9405335
AD1230,618.1465505
AD1231,661.7549392
AD1232,637.2328503
AD1233,563.5710551
AD1234,592.4978882
AD1235,608.6838193
AD1236,644.1737011
AD1237,511.0708808
AD1238,636.9213297
AD1239,742.5672286
AD1240,610.8070289
AD1241,592.0989146
AD1242,573.0963532
AD1243,496.2757351
AD1244,567.2554268
AD1245,547.3118694
AD1246,486.8387235
AD1247,559.3201494
AD1248,545.2324511
AD1249,653.7271647
AD1250,662.438707
AD1251,760.8755173
AD1252,642.1625732
AD1253,657.3348405
AD1254,619.9797914
AD1255,792.4630887
AD1256,598.4503104
AD1257,572.7628479
AD1258,569.0502088
AD1259,586.5103971
AD1260,535.2792084
AD1261,521.1778821
AD1262,568.9474789
AD1263,695.8130195
AD1264,588.6570395
AD1265,585.857191
AD1266,560.6354203
AD1267,702.2320068
AD1268,619.4099441
AD1269,588.6645772
AD1270,542.4823919
AD1271,683.7085241
AD1272,584.2020581
AD1273,689.9619087
AD1274,608.997446
AD1275,552.8393817
AD1276,700.1466535
AD1277,594.818943
AD1278,536.1843191
AD1279,658.5772349
AD1280,665.5989142
AD1281,542.4800158
AD1282,612.65047
AD1283,644.8189672
AD1284,599.9140786
AD1285,653.7487297
AD1286,615.6663181
AD1287,634.2583157
AD1288,618.8416576
AD1289,562.8154021
AD1290,617.5925663
AD1291,628.2303177
AD1292,572.3958745
AD1293,566.1206132
AD1294,567.62506
AD1295,534.0831959
AD1296,554.4304171
AD1297,636.821161
AD1298,598.5614593
AD1299,544.0011446
AD1300,538.2672998
AD1301,648.2888025
AD1302,694.135154
AD1303,662.9544178
AD1304,589.0999458
AD1305,517.4037345
AD1306,591.8178857
AD1307,615.7198316
AD1308,618.938989
AD1309,610.2580484
AD1310,557.645328
AD1311,634.4567858
AD1312,652.4727731
AD1313,583.6195028
AD1314,589.9221998
AD1315,529.9339069
AD1316,664.5887324
AD1317,517.7525222
AD1318,621.7052162
AD1319,558.0047497
AD1320,575.5724592
AD1321,679.5072865
AD1322,735.3490478
AD1323,557.7625486
AD1324,587.5132453
AD1325,592.994644
AD1326,533.9664428
AD1327,572.5316712
AD1328,561.1907162
AD1329,664.1316042
AD1330,633.436873
AD1331,519.6565854
AD1332,597.8612224
AD1333,634.6398628
AD1334,932.7917454
AD1335,575.2347449
AD1336,180.788925
AD1337,161.7023261
AD1338,153.7558343
AD1339,432.6261042
AD1340,473.3304715
AD1341,893.7984513
AD1342,433.0198962
AD1343,518.854634
AD1344,343.3472801
AD1345,1137.763875
AD1346,1354.845988
AD1347,892.2177748
AD1348,228.2760916
AD1349,468.9283041
AD1350,625.122253
AD1351,253.5334218
AD1352,473.4889937
AD1353,377.0069162
AD1354,107.0173436
AD1355,517.7114847
AD1356,198.6958402
AD1357,140.2659851
AD1358,100.7388961
AD1359,560.0250433
AD1360,229.3012956
AD1361,276.5948611
AD1362,437.1287777
AD1363,365.4885568
AD1364,251.7307656
AD1365,648.1443539
AD1366,319.3251365
AD1367,580.5358483
AD1368,1007.258232
AD1369,336.6007204
AD1370,940.95655
AD1371,346.5176182
AD1372,163.9852419
AD1373,629.9081366
AD1374,171.2843294
AD1375,990.8278424
AD1376,474.8598159
AD1377,1095.370464
AD1378,1112.265015
AD1379,436.7152981
AD1380,179.5412114
AD1381,460.2834178
AD1382,197.724843
AD1383,333.4322695
AD1384,1124.061674
AD1385,241.1269725
AD1386,1437.16966
AD1387,436.9218477
AD1388,340.7851125
AD1389,597.5393266
AD1390,539.0488365
AD1391,722.0066183
AD1392,582.8633192
AD1393,932.911812
AD1394,504.5532437
AD1395,1256.345228
AD1396,352.2453304
AD1397,296.8530605
AD1398,164.0057124
AD1399,684.7267794
AD1400,1362.601265
AD1401,1021.524615
AD1402,360.7471147
AD1403,921.8674483
AD1404,241.5907726
AD1405,1214.826827
AD1406,366.3019606
AD1407,135.3954108
AD1408,605.8780609
AD1409,1232.442858
AD1410,380.3127659
AD1411,295.9143846
AD1412,748.0572907
AD1413,229.8364922
AD1414,243.3327352
AD1415,208.9004616
AD1416,964.0736277
AD1417,420.6206906
AD1418,1378.283461
AD1419,267.9277149
AD1420,375.9247765
AD1421,215.6135597
AD1422,386.7527549
AD1423,880.948845
AD1424,210.1389241
AD1425,766.8324552
AD1426,636.0847382
AD1427,355.692795
AD1428,130.6810299
AD1429,1201.311466
AD1430,1278.912933
AD1431,1059.454451
AD1432,379.9935441
AD1433,1382.882422
AD1434,170.3899073
AD1435,1000.690987
AD1436,363.5440499
AD1437,587.5820341
AD1438,348.5940288
AD1439,328.1709247
AD1440,102.0720884
AD1441,540.5767446
AD1442,637.0662482
AD1443,551.2802217
AD1444,273.2323074
AD1445,1328.363159
AD1446,440.8762793
AD1447,1379.807674
AD1448,383.0430704
AD1449,233.4672993
AD1450,238.1722395
AD1451,298.9478023
AD1452,391.4098173
AD1453,214.0649719
AD1454,1345.510731
AD1455,659.8782924
AD1456,270.8456157
AD1457,350.7982776
AD1458,364.9568052
AD1459,324.7984956
AD1460,436.3239294
AD1461,1332.143173
AD1462,445.3915948
AD1463,178.553696
AD1464,805.6621062
AD1465,173.9162677
AD1466,135.2986905
AD1467,260.9930229
AD1468,109.4118468
AD1469,584.070282
AD1470,559.1356656
AD1471,339.8912706
AD1472,460.0319732
AD1473,105.3299062
AD1474,732.1477249
AD1475,566.3124224
AD1476,1107.582347
AD1477,969.6987359
AD1478,389.3449485
AD1479,420.332037
AD1480,993.6441663
AD1481,352.6103929
AD1482,217.5867239
AD1483,242.4130052
AD1484,499.8329361
AD1485,262.8311877
AD1486,156.0045145
AD1487,565.462417
AD1488,687.7096708
AD1489,142.5447
AD1490,475.1540478
AD1491,413.4197744
AD1492,888.2841815
AD1493,1158.095388
AD1494,554.1825387
AD1495,201.2811984
AD1496,1297.084984
AD1497,409.1731522
AD1498,133.6849138
AD1499,519.0748464
AD1500,588.5414001
AD1501,153.8679094
AD1502,1374.813606
AD1503,317.3799026
AD1504,832.5896461
AD1505,844.2196402
AD1506,560.4371127
AD1507,633.5589335
AD1508,779.3048577
AD1509,210.4795656
AD1510,1007.405085
AD1511,528.5794471
AD1512,473.5144082
AD1513,437.8494515
AD1514,881.7327557
AD1515,801.5054397
AD1516,681.90473
AD1517,1468.90437
AD1518,137.8935158
AD1519,520.8160891
AD1520,381.6422873
AD1521,208.5767795
AD1522,346.4993812
AD1523,683.1693816
AD1524,531.1015373
AD1525,385.4830206
AD1526,305.6287266
AD1527,495.2515981
AD1528,900.365155
AD1529,1457.688254
AD1530,312.5852074
AD1531,371.9928502
AD1532,1258.614643
AD1533,516.0350221
AD1534,508.1882814
AD1535,521.2050288
AD1536,383.4936896
AD1537,1138.508369
AD1538,94.20731424
AD1539,461.9661894
AD1540,1270.595908
AD1541,688.6123312
AD1542,290.441744
AD1543,339.0719894
AD1544,189.3758475
AD1545,558.6203642
AD1546,996.9963731
AD1547,315.2199236
AD1548,143.142731
AD1549,593.7874084
AD1550,720.1586136
AD1551,348.3593925
AD1552,188.3301077
AD1553,571.0845755
AD1554,352.1972674
AD1555,610.1221505
AD1556,129.6789151
AD1557,513.4064694
AD1558,729.2816038
AD1559,218.2296716
AD1560,518.9067962
AD1561,885.5901343
AD1562,1222.868065
AD1563,463.1482147
AD1564,597.9957377
AD1565,833.3844069
AD1566,235.4809904
AD1567,296.2801399
AD1568,1110.810058
AD1569,51.63722633
AD1570,1209.303147
AD1571,683.1666154
AD1572,716.7994654
AD1573,1243.824674
AD1574,262.3836493
AD1575,656.2299375
AD1576,139.5534367
AD1577,130.8060937
AD1578,882.0629237
AD1579,154.7343749
AD1580,267.2555502
AD1581,432.3422854
AD1582,320.685078
AD1583,1380.258779
AD1584,391.6826427
AD1585,144.3391587
AD1586,236.5307896
AD1587,628.3916235
AD1588,271.2159764
AD1589,320.6073303
AD1590,221.4494544
AD1591,296.9242255
AD1592,1051.366506
AD1593,299.2959122
AD1594,387.477652
AD1595,296.6279284
AD1596,335.137006
AD1597,215.8896989
AD1598,476.9063646
AD1599,402.3556744
AD1600,179.0882344
AD1601,145.718528
AD1602,228.5416185
AD1603,355.4437486
AD1604,173.3899609
AD1605,353.3542468
AD1606,1499.217091
AD1607,504.4903819
AD1608,255.2973467
AD1609,1192.605981
AD1610,275.6546283
AD1611,129.6498534
AD1612,399.640895
AD1613,865.1350969
AD1614,1441.574423
AD1615,1117.051091
AD1616,328.9457692
AD1617,325.49229
AD1618,435.5137792
AD1619,845.5618703
AD1620,237.7307353
AD1621,206.3329066
AD1622,352.526713
AD1623,313.0715773
AD1624,981.0026313
AD1625,1181.067757
AD1626,221.6398483
AD1627,564.6882501
AD1628,430.1952724
AD1629,388.9393653
AD1630,380.6288527
AD1631,542.1296649
AD1632,263.789371
AD1633,1522.82554
AD1634,332.5200618
AD1635,1147.191932
AD1636,308.886248
AD1637,1154.476317
AD1638,159.2406395
AD1639,357.5013314
AD1640,451.5001681
AD1641,355.5766405
AD1642,324.8270533
AD1643,716.0335573
AD1644,419.7365149
AD1645,522.9501843
AD1646,372.3515936
AD1647,375.9162592
AD1648,955.6821925
AD1649,1136.230835
AD1650,399.5849062
AD1651,347.628826
AD1652,652.977767
AD1653,1032.553798
AD1654,113.4011585
AD1655,345.7730888
AD1656,134.7419591
AD1657,465.3250143
AD1658,191.6985208
AD1659,977.5652217
AD1660,684.6868855
AD1661,1378.239515
AD1662,411.5227411
AD1663,296.3668466
AD1664,170.3242142
AD1665,298.2738807
AD1666,431.0487052
AD1667,327.3118344
AD1668,205.4180232
AD1669,140.5702644
AD1670,904.8132118
AD1671,1060.961299
AD1672,272.7621906
AD1673,175.3340754
AD1674,928.5428424
AD1675,236.2921758
AD1676,265.5365426
AD1677,1287.55121
AD1678,532.4104643
AD1679,344.5096289
AD1680,1140.19141
AD1681,204.3366585
AD1682,891.6222699
AD1683,1196.646512
AD1684,551.3976961
AD1685,138.4984746
AD1686,706.6844032
AD1687,172.3662846
AD1688,643.2485893
AD1689,579.3129935
AD1690,1087.076203
AD1691,1437.312268
AD1692,747.1719117
AD1693,312.2093056
AD1694,157.2992775
AD1695,349.44206
AD1696,227.9471308
AD1697,861.0713519
AD1698,283.8248052
AD1699,153.6115002
AD1700,1345.821729
AD1701,192.0970146
AD1702,198.6907985
AD1703,423.4571561
AD1704,363.7260934
AD1705,625.2802281
AD1706,102.2488463
AD1707,694.0402845
AD1708,1108.770594
AD1709,532.2008489
AD1710,339.7049268
AD1711,551.5588061
AD1712,404.1974819
AD1713,314.6895466
AD1714,469.4610047
AD1715,514.5069973
AD1716,322.4139136
AD1717,512.4404301
AD1718,258.7928249
AD1719,99.30475334
AD1720,947.0651108
AD1721,891.3197944
AD1722,544.8603896
AD1723,403.0559008
AD1724,299.6330711
AD1725,197.4823732
AD1726,136.7237098
AD1727,760.7613416
AD1728,1069.84502
AD1729,258.5093351
AD1730,1020.507746
AD1731,277.3450244
AD1732,431.3643004
AD1733,510.3195708
AD1734,301.0785532
AD1735,448.9077289
AD1736,676.5493852
AD1737,382.5897372
AD1738,993.2287982
AD1739,56.74348214
AD1740,277.651381
AD1741,114.8005393
AD1742,196.4582295
AD1743,404.9115399
AD1744,1422.905037
AD1745,1177.285325
AD1746,725.9875683
AD1747,559.0801782
AD1748,1379.68919
AD1749,1092.916265
AD1750,1051.35118
AD1751,319.6238201
AD1752,1031.845088
AD1753,1513.969556
AD1754,179.2165401
AD1755,125.1319182
AD1756,101.4167841
AD1757,1157.999501
AD1758,1213.161937
AD1759,205.1646701
AD1760,281.788106
AD1761,740.7382491
AD1762,266.7259916
AD1763,297.8210792
AD1764,279.4229703
AD1765,597.4513759
AD1766,362.780486
AD1767,1167.703029
AD1768,901.4863818
AD1769,382.2645546
AD1770,461.8750791
AD1771,583.4525491
AD1772,472.628644
AD1773,385.3699056
AD1774,82.67286955
AD1775,1434.623291
AD1776,1453.485892
AD1777,599.9986273
AD1778,375.359142
AD1779,339.0137163
AD1780,1145.843793
AD1781,913.7100547
AD1782,1089.062757
AD1783,319.7163194
AD1784,404.0132019
AD1785,968.2297173
AD1786,113.5552805
AD1787,599.4845433
AD1788,274.1953216
AD1789,207.8090646
AD1790,368.3231687
AD1791,1346.228987
AD1792,1071.997828
AD1793,413.5177561
AD1794,100.3549977
AD1795,887.9093339
AD1796,206.7595853
AD1797,971.2626188
AD1798,136.7504707
AD1799,540.2372195
AD1800,223.897806
AD1801,525.0349784
AD1802,1169.320703
AD1803,199.0002736
AD1804,153.0559003
AD1805,1207.882076
AD1806,715.6213374
AD1807,285.5857618
AD1808,640.6718266
AD1809,241.7787544
AD1810,316.5503193
AD1811,750.895197
AD1812,570.184764
AD1813,515.2351752
AD1814,1057.966531
AD1815,177.2890226
AD1816,566.3926439
AD1817,746.9342272
AD1818,356.1148211
AD1819,533.1660371
AD1820,92.0342854
AD1821,574.7467965
AD1822,206.972397
AD1823,1027.560417
AD1824,1398.044569
AD1825,1380.445195
AD1826,880.7709138
AD1827,966.027398
AD1828,429.8363812
AD1829,1005.028278
AD1830,212.8612253
AD1831,333.1053251
AD1832,209.1070156
AD1833,980.3002698
AD1834,913.1941557
AD1835,952.3849897
AD1836,289.0118505
AD1837,585.5279029
AD1838,413.4443108
AD1839,1094.214606
AD1840,422.2774779
AD1841,466.6218798
AD1842,375.3592322
AD1843,102.2568998
AD1844,558.7901849
AD1845,499.3778989
AD1846,585.6561569
AD1847,1415.621746
AD1848,1275.730416
AD1849,359.3418517
AD1850,194.021995
AD1851,156.5689501
AD1852,76.82542942
AD1853,807.2744119
AD1854,211.3642771
AD1855,278.7275685
AD1856,170.3468271
AD1857,332.7419541
AD1858,993.7020331
AD1859,806.1930284
AD1860,475.5108824
AD1861,1038.677216
AD1862,632.4767232
AD1863,458.4904726
AD1864,1120.486617
AD1865,947.0912085
AD1866,645.9061077
AD1867,731.8489695
AD1868,688.5007763
AD1869,227.0312934
AD1870,536.807111
AD1871,608.8131059
AD1872,343.4403222
AD1873,422.4738345
AD1874,209.3088566
AD1875,695.0121299
AD1876,268.7774272
AD1877,399.2376402
AD1878,331.2066945
AD1879,281.9964978
AD1880,316.095748
AD1881,364.9798655
AD1882,520.1983322
AD1883,170.9781885
AD1884,529.7342086
AD1885,130.9451441
AD1886,629.0971785
AD1887,1344.407879
AD1888,264.1527225
AD1889,130.7184072
AD1890,125.7571459
AD1891,1203.413991
AD1892,386.1826021
AD1893,650.8855537
AD1894,229.7666106
AD1895,449.8359904
AD1896,825.0392873
AD1897,155.4805308
AD1898,252.6740119
AD1899,311.2097048
AD1900,757.5400184
AD1901,210.4893385
AD1902,1359.977688
AD1903,129.9345735
AD1904,566.7044212
AD1905,1031.996218
AD1906,1024.380575
AD1907,951.0008808
AD1908,684.3009421
AD1909,178.8199938
AD1910,1362.452514
AD1911,344.7878545
AD1912,248.5481839
AD1913,160.1676491
AD1914,158.3914707
AD1915,398.291014
AD1916,612.0827342
AD1917,1446.734122
AD1918,1095.616814
AD1919,133.7306879
AD1920,119.1640384
AD1921,612.3687115
AD1922,458.1295663
AD1923,876.2108657
AD1924,166.4854048
AD1925,496.1640518
AD1926,276.6283892
AD1927,149.0001724
AD1928,495.6540234
AD1929,720.4583475
AD1930,132.7022113
AD1931,363.9613746
AD1932,601.0939027
AD1933,292.6702965
AD1934,924.4068871
AD1935,723.8747442
AD1936,388.4058874
AD1937,479.1869208
AD1938,869.7103557
AD1939,139.3924306
AD1940,1157.285174
AD1941,306.0132611
AD1942,121.344984
AD1943,1311.499493
AD1944,401.3292789
AD1945,178.0969173
AD1946,836.973076
AD1947,370.5619883
AD1948,480.7866994
AD1949,86.24229087
AD1950,1143.961426
AD1951,646.5058444
AD1952,449.856138
AD1953,407.238523
AD1954,1204.409386
AD1955,433.1206179
AD1956,1213.768361
AD1957,263.1959562
AD1958,129.3439068
AD1959,285.0980821
AD1960,413.8451781
AD1961,1110.565793
AD1962,112.5297569
AD1963,322.4876731
AD1964,289.8178588
AD1965,735.2488508
AD1966,1029.663583
AD1967,618.805889
AD1968,203.6598794
AD1969,248.8384305
AD1970,960.7934138
AD1971,118.0092487
AD1972,100.1419161
AD1973,172.8100575
AD1974,366.2529471
AD1975,169.8608934
AD1976,481.8408181
AD1977,1030.897648
AD1978,214.795125
AD1979,466.345509
AD1980,290.6957164
AD1981,446.3873504
AD1982,494.1989556
AD1983,582.0100873
AD1984,592.2370511
AD1985,698.7130758
AD1986,252.4936088
AD1987,856.5711715
AD1988,1028.963042
AD1989,1194.09828
AD1990,670.3550584
AD1991,772.7655718
AD1992,696.2270168
AD1993,580.2410738
AD1994,374.3497122
AD1995,264.6640519
AD1996,355.6274051
AD1997,83.95514423
AD1998,1163.46561
AD1999,411.6791891
AD2000,188.595615
AD2001,580.6652712
AD2002,453.6689128
AD2003,349.439788
AD2004,296.8799198
AD2005,588.7063826
AD2006,120.5700633
AD2007,873.5473494
AD2008,306.001278
AD2009,527.6929254
AD2010,523.0730152
AD2011,973.7012444
AD2012,1113.750226
AD2013,777.0448833
AD2014,1228.311396
AD2015,310.6537248
AD2016,93.8228497
AD2017,246.8935674
AD2018,1452.441011
AD2019,343.3435048
AD2020,411.9654322
AD2021,613.2053896
AD2022,779.479405
AD2023,1051.32793
AD2024,493.4085926
AD2025,588.6867507
AD2026,982.8255943
AD2027,256.190387
AD2028,301.3692675
AD2029,491.1160169
AD2030,143.8223475
AD2031,489.0972877
AD2032,642.7685866
AD2033,688.0750603
AD2034,651.9347235
AD2035,566.9841408
AD2036,1343.369866
AD2037,106.1385311
AD2038,575.8075815
AD2039,526.8226157
AD2040,242.1599565
AD2041,437.7083048
AD2042,499.2600438
AD2043,486.0073281
AD2044,255.5649362
AD2045,322.7108975
AD2046,232.6926142
AD2047,329.0411729
AD2048,513.113955
AD2049,327.4197544
AD2050,1148.380731
AD2051,474.0038403
AD2052,258.1514211
AD2053,214.2857901
AD2054,428.174226
AD2055,562.0307168
AD2056,363.1211535
AD2057,1118.354177
AD2058,304.3156457
AD2059,503.853418
AD2060,151.6009295
AD2061,602.3117937
AD2062,381.6220514
AD2063,1026.225163
AD2064,987.5844216
AD2065,710.216461
AD2066,196.1641319
AD2067,1189.071777
AD2068,397.9260269
AD2069,420.6626304
AD2070,155.1894476
AD2071,994.4042538
AD2072,1223.850601
AD2073,222.123199
AD2074,630.256826
AD2075,1088.029824
AD2076,1049.752424
AD2077,887.2961299
AD2078,267.2568393
AD2079,696.1943891
AD2080,487.8411872
AD2081,914.3279026
AD2082,178.4308453
AD2083,654.7848665
AD2084,1409.457857
AD2085,377.0993815
AD2086,568.926172
AD2087,556.5281422
AD2088,534.0184604
AD2089,527.6092363
AD2090,90.77914829
AD2091,564.9085105
AD2092,313.0162427
AD2093,346.6739111
AD2094,384.4504171
AD2095,306.346771
AD2096,356.7986255
AD2097,574.9966609
AD2098,685.4365004
AD2099,258.4691647
AD2100,497.2734599
AD2101,1235.5419
AD2102,748.3509503
AD2103,701.1379632
AD2104,160.1926071
AD2105,443.796551
AD2106,574.4666732
AD2107,326.1061212
AD2108,337.7077572
AD2109,190.4174594
AD2110,327.7833915
AD2111,730.156162
AD2112,675.0800181
AD2113,1215.193187
AD2114,68.65922072
AD2115,962.0348239
AD2116,956.5581749
AD2117,419.9254194
AD2118,426.8978762
AD2119,408.4249024
AD2120,276.7128558
AD2121,109.2290916
AD2122,833.2738823
AD2123,694.4407546
AD2124,1149.264198
AD2125,425.0702709
AD2126,353.603245
AD2127,173.7977114
AD2128,255.7408885
AD2129,222.7049752
AD2130,285.5621779
AD2131,65.01602077
AD2132,109.4123177
AD2133,1060.223299
AD2134,549.7280242
AD2135,263.3886448
AD2136,730.8200808
AD2137,1066.823096
AD2138,1219.068109
AD2139,539.8102141
AD2140,634.869563
AD2141,878.5847974
AD2142,706.8723377
AD2143,739.3960355
AD2144,1282.546859
AD2145,979.7398916
AD2146,436.5098245
AD2147,927.4918903
AD2148,432.0935736
AD2149,342.205006
AD2150,416.0008538
AD2151,338.2497086
AD2152,337.6569656
AD2153,562.0401046
AD2154,1083.289864
AD2155,1043.14884
AD2156,262.0443023
AD2157,129.3756697
AD2158,587.7856777
AD2159,704.6737347
AD2160,1117.536718
AD2161,416.7046123
AD2162,783.3315773
AD2163,257.2884942
AD2164,636.192676
AD2165,151.5693042
AD2166,190.0517901
AD2167,1392.677623
AD2168,528.1356148
AD2169,1111.261716
AD2170,1174.339372
AD2171,192.4752377
AD2172,932.2616969
AD2173,934.5708104
AD2174,1006.242032
AD2175,197.2499447
AD2176,527.3533405
AD2177,1187.821361
AD2178,456.4367689
AD2179,872.6776519
AD2180,842.0003762
AD2181,292.8505817
AD2182,294.3192562
AD2183,285.738275
AD2184,604.4757584
AD2185,1023.401589
AD2186,350.2017784
AD2187,321.7978217
AD2188,773.0419365
AD2189,359.86672
AD2190,253.3465388
AD2191,1504.494061
AD2192,647.5071738
AD2193,136.0686309
AD2194,320.4670218
AD2195,354.7335979
AD2196,349.3460146
AD2197,403.9386882
AD2198,1322.885283
AD2199,619.1139785
AD2200,546.1772757
AD2201,275.6477085
AD2202,1094.09377
AD2203,275.2738684
AD2204,306.8422101
AD2205,513.7680837
AD2206,210.4910484
AD2207,296.6861859
AD2208,414.8897613
AD2209,358.6034671
AD2210,287.6372933
AD2211,400.7589602
AD2212,685.0936106
AD2213,393.8991506
AD2214,813.164295
AD2215,243.1529597
AD2216,183.556959
AD2217,583.1750722
AD2218,720.6707234
AD2219,645.2943451
AD2220,452.6772456
AD2221,443.7941052
AD2222,380.5013069
AD2223,496.5375511
AD2224,602.2928864
AD2225,229.3302819
AD2226,205.953698
AD2227,351.9218673
AD2228,162.2981623
AD2229,311.2502695
AD2230,1295.113765
AD2231,186.0609334
AD2232,788.7095908
AD2233,404.15222
AD2234,856.7377008
AD2235,366.4636549
AD2236,256.4123895
AD2237,796.867107
AD2238,281.4282386
AD2239,366.0632082
AD2240,293.0106595
AD2241,1445.069436
AD2242,118.3581638
AD2243,291.1011528
AD2244,1163.932925
AD2245,170.0424635
AD2246,338.5413025
AD2247,289.5859267
AD2248,631.334836
AD2249,325.3266925
AD2250,136.2158231
AD2251,410.0943338
AD2252,814.4237232
AD2253,198.1923865
AD2254,425.2822885
AD2255,709.2461469
AD2256,753.687042
AD2257,482.1746043
AD2258,533.3486781
AD2259,669.5500117
AD2260,258.4142682
AD2261,728.1323502
AD2262,198.0791008
AD2263,287.5240666
AD2264,358.8508201
AD2265,858.8255505
AD2266,983.8341525
AD2267,1364.005915
AD2268,848.0559288
AD2269,207.4000405
AD2270,620.6996695
AD2271,689.66607
AD2272,766.243254
AD2273,622.7671402
AD2274,206.8383371
AD2275,199.2545364
AD2276,638.243273
AD2277,452.2287679
AD2278,401.318235
AD2279,1531.763371
AD2280,721.0489373
AD2281,318.1297492
AD2282,1418.694285
AD2283,189.5862442
AD2284,336.6852524
AD2285,459.8505897
AD2286,930.3275162
AD2287,523.7916701
AD2288,493.0931237
AD2289,894.2746396
AD2290,520.2605316
AD2291,237.6256014
AD2292,922.5108902
AD2293,242.6369133
AD2294,775.0377995
AD2295,185.9875949
AD2296,93.34856129
AD2297,800.7739653
AD2298,142.2383018
AD2299,1239.902769
AD2300,910.7772245
AD2301,253.8888448
AD2302,332.101909
AD2303,528.4104356
AD2304,932.4919167
AD2305,1018.091367
AD2306,536.2902519
AD2307,1327.661028
AD2308,367.3169677
AD2309,251.950935
AD2310,1122.051683
AD2311,875.4838089
AD2312,454.0790131
AD2313,395.9058229
AD2314,711.2168475
AD2315,685.584377
AD2316,1089.633991
AD2317,578.6241279
AD2318,203.6651776
AD2319,419.7761522
AD2320,802.7995357
AD2321,707.2419756
AD2322,367.6515262
AD2323,238.5766888
AD2324,193.6879261
AD2325,246.1142811
AD2326,765.6861875
AD2327,433.5067228
AD2328,458.17085
AD2329,451.1826138
AD2330,189.4728753
AD2331,162.3092697
AD2332,385.1115705
AD2333,317.515733
AD2334,103.5409731
AD2335,215.0478376
AD2336,1137.962406
AD2337,160.6155511
AD2338,174.4014739
AD2339,882.8370548
AD2340,141.824401
AD2341,449.5229875
AD2342,531.7892018
AD2343,1232.793193
AD2344,324.9450371
AD2345,784.3143639
AD2346,297.8723687
AD2347,401.5884859
AD2348,163.8530089
AD2349,513.3057787
AD2350,1090.47102
AD2351,663.8054731
AD2352,1261.449224
AD2353,147.4147948
AD2354,173.1281869
AD2355,84.89068645
AD2356,607.9505885
AD2357,192.4177398
AD2358,194.0378802
AD2359,566.1930764
AD2360,1171.321746
AD2361,216.6054906
AD2362,537.4432457
AD2363,435.301171
AD2364,107.4427481
AD2365,182.7663193
AD2366,327.888759
AD2367,813.5811446
AD2368,120.2345466
AD2369,291.9878514
AD2370,170.9141274
AD2371,154.9314585
AD2372,1003.216916
AD2373,167.1201043
AD2374,351.0568097
AD2375,313.2899541
AD2376,516.2478272
AD2377,758.4942662
AD2378,391.4688772
AD2379,109.5654891
AD2380,430.817512
AD2381,306.6495422
AD2382,71.8178765
AD2383,315.2032598
AD2384,555.7698634
AD2385,658.5140992
AD2386,550.5380367
AD2387,592.0150979
AD2388,711.5193672
AD2389,305.0146656
AD2390,672.9574192
AD2391,1239.937278
AD2392,232.6986292
AD2393,531.6613342
AD2394,566.954445
AD2395,553.4729314
AD2396,529.8140659
AD2397,551.2044183
AD2398,560.3363921
AD2399,536.3080951
AD2400,609.543924
AD2401,591.6093673
AD2402,600.0051923
AD2403,633.6332759
AD2404,636.3484618
AD2405,578.4990149
AD2406,572.9193938
AD2407,549.1040114
AD2408,548.2249171
AD2409,598.3641169
AD2410,534.8894937
AD2411,404.9390272
AD2412,605.5026032
AD2413,356.830427
AD2414,1478.057854
AD2415,711.030713
AD2416,422.4231991
AD2417,556.5617088
AD2418,834.2854793
AD2419,480.4849847
AD2420,645.9703777
AD2421,1012.907259
AD2422,396.6295271
AD2423,431.1524689
AD2424,471.0905016
AD2425,294.0270688
AD2426,749.6278672
AD2427,245.6680132
AD2428,825.9134688
AD2429,436.0883423
AD2430,453.046701
AD2431,954.5290042
AD2432,587.4836686
AD2433,141.3741598
AD2434,1017.748495
AD2435,1464.949083
AD2436,559.5600906
AD2437,1165.456422
AD2438,316.1253487
AD2439,157.3040718
AD2440,444.4561632
AD2441,1124.261259
AD2442,313.6001212
AD2443,139.8822355
AD2444,536.9310658
AD2445,221.1167172
AD2446,229.6596716
AD2447,726.9284873
AD2448,544.6714014
AD2449,815.9075412
AD2450,700.9784152
AD2451,382.0860749
AD2452,1266.615695
AD2453,838.6061807
AD2454,290.3243215
AD2455,288.1080452
AD2456,245.0222402
AD2457,543.8045492
AD2458,1102.795195
AD2459,338.8385172
AD2460,103.3746655
AD2461,233.8721874
AD2462,346.3735077
AD2463,798.952714
AD2464,168.0137489
AD2465,355.2900266
AD2466,332.8600023
AD2467,1367.884158
AD2468,522.6675842
AD2469,787.7731273
AD2470,591.8202403
AD2471,215.3327848
AD2472,188.1048139
AD2473,631.6502654
AD2474,215.1418497
AD2475,404.6931519
AD2476,731.2718246
AD2477,475.0874157
AD2478,135.5581759
AD2479,362.3670832
AD2480,241.4640985
AD2481,609.4941242
AD2482,283.0035482
AD2483,702.4258909
AD2484,178.4282334
AD2485,889.3160617
AD2486,1430.693465
AD2487,988.2157084
AD2488,168.5198696
AD2489,1476.252112
AD2490,1238.151507
AD2491,995.712266
AD2492,625.7391087
AD2493,185.7186282
AD2494,109.4441684
AD2495,313.9269357
AD2496,443.0196209
AD2497,649.7874121
AD2498,308.7514216
AD2499,498.1440789
AD2500,256.0668908
AD2501,627.2076065
AD2502,768.9803494
AD2503,1011.566259
AD2504,1143.529964
AD2505,210.7317156
AD2506,682.4303426
AD2507,394.8194513
AD2508,900.7972684
AD2509,171.7183599
AD2510,538.6316143
AD2511,444.7672479
AD2512,545.1117707
AD2513,345.0487288
AD2514,316.383538
AD2515,358.4512662
AD2516,694.2951145
AD2517,311.8913683
AD2518,793.4992244
AD2519,335.7468108
AD2520,635.2076318
AD2521,183.4438528
AD2522,1045.625006
AD2523,1460.617104
AD2524,216.6094385
AD2525,1244.940346
AD2526,1407.585721
AD2527,1150.462728
AD2528,614.4665831
AD2529,415.5226885
AD2530,341.9003584
AD2531,370.9779017
AD2532,574.4134583
AD2533,646.9319403
AD2534,919.1966284
AD2535,169.4074394
AD2536,332.4734763
AD2537,918.1832902
AD2538,227.9219865
AD2539,80.77110981
AD2540,1188.212252
AD2541,182.5294658
AD2542,1095.362981
AD2543,381.5802428
AD2544,1112.875303
AD2545,93.61582065
AD2546,984.6533165
AD2547,841.8576757
AD2548,572.3964164
AD2549,606.9878936
AD2550,485.3729671
AD2551,532.6628422
AD2552,593.6219565
AD2553,224.869435
AD2554,542.1936214
AD2555,350.7800297
AD2556,225.7495248
AD2557,1196.090107
AD2558,556.3598392
AD2559,477.9208462
AD2560,1250.11151
AD2561,1326.751536
AD2562,949.4647516
AD2563,849.7768826
AD2564,333.8262843
AD2565,1273.996909
AD2566,408.6898634
AD2567,1197.35412
AD2568,1264.3061
AD2569,258.7913074
AD2570,616.7906577
AD2571,564.5143758
AD2572,556.3919179
AD2573,102.7642831
AD2574,247.758765
AD2575,455.9999352
AD2576,248.9579921
AD2577,988.3801619
AD2578,557.848432
AD2579,350.5861463
AD2580,444.828518
AD2581,384.2849177
AD2582,1038.959814
AD2583,913.3252573
AD2584,353.5469777
AD2585,378.8979971
AD2586,450.1931154
AD2587,109.7656005
AD2588,794.1705169
AD2589,597.6475074
AD2590,597.1280398
AD2591,575.9784577
AD2592,266.3308791
AD2593,99.20398058
AD2594,794.1522102
AD2595,724.0219002
AD2596,327.600747
AD2597,260.0914073
AD2598,1436.451368
AD2599,636.6505585
AD2600,675.1172495
AD2601,154.0404995
AD2602,383.2089297
AD2603,255.3188899
AD2604,898.5295992
AD2605,565.4013278
AD2606,437.3440794
AD2607,558.4793036
AD2608,342.9689772
AD2609,347.3118175
AD2610,1439.309535
AD2611,650.4812386
AD2612,305.6486772
AD2613,454.0388425
AD2614,238.0519579
AD2615,83.93843879
AD2616,277.5994114
AD2617,419.7899439
AD2618,386.4479272
AD2619,461.8912131
AD2620,264.8404895
AD2621,1039.348719
AD2622,426.0127663
AD2623,822.6189377
AD2624,1058.407948
AD2625,1462.35668
AD2626,834.0709752
AD2627,673.7083825
AD2628,263.9445476
AD2629,1321.695488
AD2630,514.3826164
AD2631,635.9665235
AD2632,315.3208006
AD2633,624.3417803
AD2634,560.2866431
AD2635,134.2015596
AD2636,846.2999159
AD2637,737.324797
AD2638,153.4602499
AD2639,205.5835788
AD2640,1226.98118
AD2641,935.8296217
AD2642,1077.128256
AD2643,96.08881253
AD2644,279.6398714
AD2645,1436.629715
AD2646,732.0373202
AD2647,618.6092747
AD2648,143.9847807
AD2649,1090.008282
AD2650,1196.539146
AD2651,860.4116076
AD2652,298.8706261
AD2653,1023.375181
AD2654,1519.06554
AD2655,197.5845605
AD2656,527.1665635
AD2657,282.3923932
AD2658,864.8848493
AD2659,778.9826827
AD2660,274.0776566
AD2661,742.9024356
AD2662,1244.897702
AD2663,1287.135
AD2664,354.9024897
AD2665,120.7053479
AD2666,617.2015248
AD2667,819.2934377
AD2668,1405.838075
AD2669,308.2744675
AD2670,153.7586025
AD2671,448.6194033
AD2672,987.6457081
AD2673,194.9600942
AD2674,450.8685746
AD2675,517.7536713
AD2676,145.1668557
AD2677,817.3670184
AD2678,192.061222
AD2679,1155.513428
AD2680,608.8256361
AD2681,1127.051417
AD2682,301.0176553
AD2683,450.7204488
AD2684,295.9148534
AD2685,181.0439747
AD2686,605.8177344
AD2687,805.2729584
AD2688,869.6665365
AD2689,795.9286918
AD2690,319.6650693
AD2691,471.6676831
AD2692,254.6164994
AD2693,399.0566219
AD2694,1311.781313
AD2695,238.3851172
AD2696,192.4588353
AD2697,436.2256953
AD2698,353.8693067
AD2699,131.6325628
AD2700,364.1170541
AD2701,248.1993709
AD2702,536.6894871
AD2703,152.6649849
AD2704,595.0282686
AD2705,1172.77707
AD2706,376.2300868
AD2707,205.1824014
AD2708,138.225029
AD2709,1152.508054
AD2710,1405.732586
AD2711,404.0601159
AD2712,833.2001561
AD2713,1177.577277
AD2714,373.4494624
AD2715,267.7893947
AD2716,485.2257165
AD2717,1080.303096
AD2718,320.5977739
AD2719,235.5978791
AD2720,1108.55576
AD2721,580.9507041
AD2722,297.844281
AD2723,91.17713629
AD2724,223.9654743
AD2725,509.1283299
AD2726,474.4635663
AD2727,255.8033359
AD2728,316.9162429
AD2729,367.9659365
AD2730,1083.225916
AD2731,323.0548392
AD2732,144.3539537
AD2733,1147.954562
AD2734,280.6014761
AD2735,577.63305
AD2736,519.8704188
AD2737,384.6095468
AD2738,1185.561211
