Stock Index,16th August
AC3235,1.199623993
AC3236,1.200402143
AC3237,1.201940845
AC3238,1.203385052
AC3239,1.282795
AC3240,1.296874674
AC3241,1.205200735
AC3242,1.202217826
AC3243,1.202217826
AC3244,1.129337227
AC3245,1.202606901
AC3246,1.200661526
AC3247,1.198456767
AC3248,1.115444067
AC3249,1.152428485
AC3250,1.197289542
AC3251,1.198067692
AC3252,1.203385052
AC3253,1.197419234
AC3254,1.20247721
AC3255,1.203644435
AC3256,1.342842592
AC3257,1.247075056
AC3258,1.499553106
AC3259,1.473434687
AC3260,1.429903989
AC3261,1.003303146
AC3262,1.055539984
AC3263,1.198067692
AC3264,1.197938001
AC3265,1.205978885
AC3266,1.204292893
AC3267,1.202995976
AC3268,1.205849194
AC3269,1.198197384
AC3270,1.20403351
AC3271,1.204292893
AC3272,1.204681968
AC3273,1.199883376
AC3274,1.203644435
AC3275,1.124398672
AC3276,1.103279162
AC3277,1.268715327
AC3278,1.204422585
AC3279,1.200402143
AC3280,1.198975534
AC3281,1.200272451
AC3282,1.203125668
AC3283,1.202736593
AC3284,1.204292893
AC3285,1.205330427
AC3286,0.938903402
AC3287,1.202995976
AC3288,1.199105226
AC3289,1.19715985
AC3290,1.201958443
AC3291,1.204681968
AC3292,1.199753684
AC3293,1.200920909
AC3294,1.198197384
AC3295,1.202866285
AC3296,1.200791218
AC3297,1.20403351
AC3298,1.198845842
AC3299,1.199494301
AC3300,1.199494301
AC3301,1.19715985
AC3302,1.199753684
AC3303,1.199494301
AC3304,1.198845842
AC3305,1.198975534
AC3306,1.201439676
AC3307,1.205200735
AC3308,1.123978977
AC3309,1.121407524
AC3310,1.197808309
AC3311,1.203125668
AC3312,1.202736593
AC3313,1.204422585
AC3314,1.198845842
AC3315,1.200920909
AC3316,1.202217826
AC3317,1.200791218
AC3318,1.198586459
AC3319,1.203514743
AC3320,1.202736593
AC3321,1.202088135
AC3322,1.201828751
AC3323,1.084384894
AC3324,1.251274308
AC3325,1.199234917
AC3326,1.204681968
AC3327,1.200013068
AC3328,1.197938001
AC3329,1.197289542
AC3330,1.205849194
AC3331,1.201050601
AC3332,1.202217826
AC3333,1.20247721
AC3334,1.20403351
AC3335,1.200661526
AC3336,1.204163202
AC3337,1.202088135
AC3338,1.199883376
AC3339,1.201309984
AC3340,1.20558981
AC3341,1.200013068
AC3342,1.198327076
AC3343,1.198845842
AC3344,1.199883376
AC3345,1.20481166
AC3346,1.203514743
AC3347,1.204681968
AC3348,1.200661526
AC3349,1.202606901
AC3350,1.199234917
AC3351,1.201439676
AC3352,1.200272451
AC3353,1.197548926
AC3354,1.201050601
AC3355,1.201958443
AC3356,1.200272451
AC3357,1.204422585
AC3358,1.198197384
AC3359,1.202736593
AC3360,1.203385052
AC3361,1.205071043
AC3362,1.199105226
AC3363,1.201828751
AC3364,1.205460119
AC3365,1.199753684
AC3366,1.200402143
AC3367,1.20247721
AC3368,1.200402143
AC3369,1.197678617
AC3370,1.198067692
AC3371,1.200013068
AC3372,1.203644435
AC3373,1.198975534
AC3374,1.197548926
AC3375,1.204292893
AC3376,1.200791218
AC3377,1.204163202
AC3378,1.200531834
AC3379,1.20403351
AC3380,1.197030159
AC3381,1.205719502
AC3382,1.20558981
AC3383,1.204941352
AC3384,1.203514743
AC3385,1.19715985
AC3386,1.201828751
AC3387,1.200920909
AC3388,1.200142759
AC3389,1.20247721
AC3390,1.198456767
AC3391,1.201828751
AC3392,1.203903818
AC3393,1.197419234
AC3394,1.200935138
AC3395,1.200272451
AC3396,1.203514743
AC3397,1.201050601
AC3398,1.204163202
AC3399,1.205978885
AC3400,1.282795
AC3401,1.244075898
AC3402,1.237036061
AC3403,1.314474266
AC3404,1.180717367
AC3405,1.15255802
AC3406,1.237036061
AC3407,1.247595816
AC3408,1.120878754
AC3409,1.103279162
AC3410,1.099759244
AC3411,1.099759244
AC3412,1.166637693
AC3413,1.120878754
AC3414,1.089199488
AC3415,1.296874674
AC3416,1.208876714
AC3417,1.226476306
AC3418,1.099759244
AC3419,1.177197448
AC3420,1.134958428
AC3421,1.229996224
AC3422,1.296874674
AC3423,1.141998264
AC3424,1.293354755
AC3425,1.131438509
AC3426,1.200661526
AC3427,1.203514743
AC3428,1.201828751
AC3429,1.201828751
AC3430,1.198067692
AC3431,1.199105226
AC3432,1.198456767
AC3433,1.204422585
AC3434,1.199105226
AC3435,1.201439676
AC3436,1.204292893
AC3437,1.203644435
AC3438,1.202606901
AC3439,1.201309984
AC3440,1.199623993
AC3441,1.205978885
AC3442,1.200791218
AC3443,1.198733923
AC3444,1.212363342
AC3445,1.195527002
AC3446,1.217173725
AC3447,1.177888931
AC3448,1.173078548
AC3449,1.211561611
AC3450,1.178690661
AC3451,1.214768533
AC3452,1.180294122
AC3453,1.175483739
AC3454,1.178690661
AC3455,1.180294122
AC3456,1.221182377
AC3457,1.1770872
AC3458,1.203544306
AC3459,1.181095853
AC3460,1.205949498
AC3461,1.183501044
AC3462,1.182699314
AC3463,1.221182377
AC3464,1.20995815
AC3465,1.203544306
AC3466,1.20995815
AC3467,1.201940845
AC3468,1.220380647
AC3469,1.20915642
AC3470,1.208354689
AC3471,1.173880278
AC3472,1.205147767
AC3473,1.205949498
AC3474,1.217173725
AC3475,1.210759881
AC3476,1.187509697
AC3477,1.20995815
AC3478,1.185104505
AC3479,1.180294122
AC3480,1.173880278
AC3481,1.207552959
AC3482,1.22599276
AC3483,1.203544306
AC3484,1.179492392
AC3485,1.217173725
AC3486,1.184302775
AC3487,1.200337384
AC3488,1.202742576
AC3489,1.185906236
AC3490,1.175483739
AC3491,1.20915642
AC3492,1.189914888
AC3493,1.201940845
AC3494,1.182699314
AC3495,1.223587569
AC3496,1.205147767
AC3497,1.212363342
AC3498,1.173880278
AC3499,1.217173725
AC3500,1.19312181
AC3501,1.224389299
AC3502,1.220380647
AC3503,1.222785838
AC3504,1.189914888
AC3505,1.201940845
AC3506,1.214768533
AC3507,1.184302775
AC3508,1.20915642
AC3509,1.205949498
AC3510,1.217173725
AC3511,1.189914888
AC3512,1.222785838
AC3513,1.211561611
AC3514,1.213966803
AC3515,1.189914888
AC3516,1.191518349
AC3517,1.224389299
AC3518,1.175483739
AC3519,1.206751228
AC3520,1.22519103
AC3521,1.203544306
AC3522,1.197130463
AC3523,1.182699314
AC3524,1.1770872
AC3525,1.228397951
AC3526,1.187509697
AC3527,1.216371994
AC3528,1.196328732
AC3529,1.210759881
AC3530,1.200337384
AC3531,1.183501044
AC3532,1.189113158
AC3533,1.184302775
AC3534,1.201139115
AC3535,1.210759881
AC3536,1.178690661
AC3537,1.186707966
AC3538,1.181095853
AC3539,1.187509697
AC3540,1.174682009
AC3541,1.204292893
AC3542,1.201439676
AC3543,1.199494301
AC3544,1.198067692
AC3545,1.197289542
AC3546,1.203514743
AC3547,1.197289542
AC3548,1.197678617
AC3549,1.198845842
AC3550,1.204163202
AC3551,1.200142759
AC3552,1.205719502
AC3553,1.199364609
AC3554,1.20169906
AC3555,1.200402143
AC3556,1.20247721
AC3557,1.20169906
AC3558,1.205849194
AC3559,1.204292893
AC3560,1.199234917
AC3561,1.200920909
AC3562,1.202995976
AC3563,1.200661526
AC3564,1.105698481
AC3565,1.308467331
AC3566,1.105698481
AC3567,1.245383689
AC3568,1.119216405
AC3569,1.19581797
AC3570,1.245383689
AC3571,1.204292893
AC3572,1.200920909
AC3573,1.204681968
AC3574,1.20481166
AC3575,1.205330427
AC3576,1.204941352
AC3577,1.20558981
AC3578,1.203125668
AC3579,1.201569368
AC3580,1.199234917
AC3581,1.198067692
AC3582,1.198975534
AC3583,1.201828751
AC3584,1.197548926
AC3585,1.202866285
AC3586,1.200402143
AC3587,1.205071043
AC3588,1.202347518
AC3589,1.200661526
AC3590,1.201309984
AC3591,1.205071043
AC3592,1.197938001
AC3593,1.202088135
AC3594,1.203514743
AC3595,1.20481166
AC3596,1.204422585
AC3597,1.200661526
AC3598,1.197548926
AC3599,1.200531834
AC3600,1.204681968
AC3601,1.20325536
AC3602,1.20169906
AC3603,1.199623993
AC3604,1.204292893
AC3605,1.197678617
AC3606,1.202088135
AC3607,1.201828751
AC3608,1.204292893
AC3609,1.200661526
AC3610,1.200791218
AC3611,1.200791218
AC3612,1.204552277
AC3613,1.199105226
AC3614,1.201569368
AC3615,1.198586459
AC3616,1.205200735
AC3617,1.204681968
AC3618,1.197548926
AC3619,1.199105226
AC3620,1.202217826
AC3621,1.200661526
AC3622,1.200920909
AC3623,1.197419234
AC3624,1.203125668
AC3625,1.20481166
AC3626,1.20481166
AC3627,1.197938001
AC3628,1.201439676
AC3629,1.202347518
AC3630,1.198975534
AC3631,1.198327076
AC3632,1.197548926
AC3633,1.199364609
AC3634,1.205200735
AC3635,1.199623993
AC3636,1.198975534
AC3637,1.201828751
AC3638,1.197678617
AC3639,1.201180293
AC3640,1.200142759
AC3641,1.202736593
AC3642,1.201180293
AC3643,1.204422585
AC3644,1.201050601
AC3645,1.201309984
AC3646,1.197030159
AC3647,1.204941352
AC3648,1.200791218
AC3649,1.200791218
AC3650,1.199234917
AC3651,1.198716151
AC3652,1.201828751
AC3653,1.202866285
AC3654,1.20247721
AC3655,1.198327076
AC3656,1.199234917
AC3657,1.202866285
AC3658,1.20325536
AC3659,1.204681968
AC3660,1.197678617
AC3661,1.200661526
AC3662,1.20403351
AC3663,1.201050601
AC3664,1.204552277
AC3665,1.201828751
AC3666,1.202995976
AC3667,1.197938001
AC3668,1.205460119
AC3669,1.198975534
AC3670,1.197030159
AC3671,1.201439676
AC3672,1.197419234
AC3673,1.198197384
AC3674,1.204681968
AC3675,1.205849194
AC3676,1.202606901
AC3677,1.200142759
AC3678,1.201309984
AC3679,1.197678617
AC3680,1.200791218
AC3681,1.20169906
AC3682,1.201439676
AC3683,1.202217826
AC3684,1.205978885
AC3685,1.198845842
AC3686,1.201569368
AC3687,1.20403351
AC3688,1.200920909
AC3689,1.201180293
AC3690,1.20169906
AC3691,1.199623993
AC3692,1.198716151
AC3693,1.201958443
AC3694,1.20403351
AC3695,1.20169906
AC3696,1.201569368
AC3697,1.20403351
AC3698,1.199883376
AC3699,1.202866285
AC3700,1.202995976
AC3701,1.200920909
AC3702,1.200531834
AC3703,1.198327076
AC3704,1.201050601
AC3705,1.200791218
AC3706,1.200013068
AC3707,1.204552277
AC3708,1.203644435
AC3709,1.203385052
AC3710,1.20325536
AC3711,1.205200735
AC3712,1.197289542
AC3713,1.205200735
AC3714,1.197030159
AC3715,1.200531834
AC3716,1.204292893
AC3717,1.198586459
AC3718,1.202347518
AC3719,1.203385052
AC3720,1.199494301
AC3721,1.201569368
AC3722,1.201569368
AC3723,1.205719502
AC3724,1.198456767
AC3725,1.202347518
AC3726,1.197808309
AC3727,1.199105226
AC3728,1.199883376
AC3729,1.205978885
AC3730,1.202347518
AC3731,1.199883376
AC3732,1.203514743
AC3733,1.199753684
AC3734,1.199494301
AC3735,1.203385052
AC3736,1.199364609
AC3737,1.199105226
AC3738,1.202926683
AC3739,1.142043808
AC3740,1.370354589
AC3741,1.205460119
AC3742,1.200531834
AC3743,1.197548926
AC3744,1.203125668
AC3745,1.197548926
AC3746,1.200142759
AC3747,1.205071043
AC3748,1.199623993
AC3749,1.202995976
AC3750,1.201828751
AC3751,1.197808309
AC3752,1.205719502
AC3753,1.200920909
AC3754,1.203125668
AC3755,1.204163202
AC3756,1.202736593
AC3757,1.199364609
AC3758,1.197289542
AC3759,1.199105226
AC3760,1.198067692
AC3761,1.197030159
AC3762,1.200791218
AC3763,1.200661526
AC3764,1.17367753
AC3765,1.166637693
AC3766,1.314474266
AC3767,1.26167549
AC3768,1.08567957
AC3769,1.226476306
AC3770,1.131438509
AC3771,1.10679908
AC3772,1.325034021
AC3773,1.205356795
AC3774,1.170157612
AC3775,1.208876714
AC3776,1.300394592
AC3777,1.163117775
AC3778,1.10679908
AC3779,1.092719407
AC3780,1.141998264
AC3781,1.212396632
AC3782,1.156077938
AC3783,1.177197448
AC3784,1.134958428
AC3785,1.226476306
AC3786,1.208876714
AC3787,1.201836877
AC3788,1.310954347
AC3789,1.286314919
AC3790,1.310954347
AC3791,1.138478346
AC3792,1.244075898
AC3793,1.303914511
AC3794,1.141998264
AC3795,1.279275082
AC3796,1.296874674
AC3797,1.170157612
AC3798,1.170157612
AC3799,1.092719407
AC3800,1.317994184
AC3801,1.275755163
AC3802,1.198327076
AC3803,1.201958443
AC3804,1.198067692
AC3805,1.200272451
AC3806,1.20558981
AC3807,1.203774127
AC3808,1.204163202
AC3809,1.201569368
AC3810,1.198586459
AC3811,1.201439676
AC3812,1.202347518
AC3813,1.20403351
AC3814,1.203125668
AC3815,1.199234917
AC3816,1.201828751
AC3817,1.205460119
AC3818,1.204552277
AC3819,1.205460119
AC3820,1.198586459
AC3821,1.198975534
AC3822,1.201180293
AC3823,1.198067692
AC3824,1.20403351
AC3825,1.201828751
AC3826,1.197030159
AC3827,1.198327076
AD1,1.197678617
AD2,1.204292893
AD3,1.205460119
AD4,1.20325536
AD5,1.202217826
AD6,1.200013068
AD7,1.20481166
AD8,1.197548926
AD9,1.201309984
AD10,1.201958443
AD11,1.197289542
AD12,1.200272451
AD13,1.205460119
AD14,1.205200735
AD15,1.203385052
AD16,1.201569368
AD17,1.199494301
AD18,1.20558981
AD19,1.198586459
AD20,1.197808309
AD21,1.197289542
AD22,1.198456767
AD23,1.205200735
AD24,1.200661526
AD25,1.204681968
AD26,1.200661526
AD27,1.200142759
AD28,1.203514743
AD29,1.205460119
AD30,1.198845842
AD31,1.20169906
AD32,1.202995976
AD33,1.197289542
AD34,1.201828751
AD35,1.20403351
AD36,1.198716151
AD37,1.198845842
AD38,1.200531834
AD39,1.201958443
AD40,1.202088135
AD41,1.203514743
AD42,1.203774127
AD43,1.200661526
AD44,1.198456767
AD45,1.20403351
AD46,1.199234917
AD47,1.201309984
AD48,1.204552277
AD49,1.200013068
AD50,1.202606901
AD51,1.202866285
AD52,1.197289542
AD53,1.20481166
AD54,1.200531834
AD55,1.205978885
AD56,1.20325536
AD57,1.199234917
AD58,1.198586459
AD59,1.201828751
AD60,1.202736593
AD61,1.199883376
AD62,1.197548926
AD63,1.199364609
AD64,1.19715985
AD65,1.204552277
AD66,1.202217826
AD67,1.198456767
AD68,1.203774127
AD69,1.198975534
AD70,1.197548926
AD71,1.19715985
AD72,1.199883376
AD73,1.197938001
AD74,1.198197384
AD75,1.200920909
AD76,1.198456767
AD77,1.198067692
AD78,1.200142759
AD79,1.203385052
AD80,1.20403351
AD81,1.203125668
AD82,1.202217826
AD83,1.204681968
AD84,1.200791218
AD85,1.205978885
AD86,1.200531834
AD87,1.197419234
AD88,1.197030159
AD89,1.205849194
AD90,1.20169906
AD91,1.201569368
AD92,1.20558981
AD93,1.203385052
AD94,1.202866285
AD95,1.197030159
AD96,1.205200735
AD97,1.198586459
AD98,1.197678617
AD99,1.198197384
AD100,1.204552277
AD101,1.205071043
AD102,1.204681968
AD103,1.204292893
AD104,1.203385052
AD105,1.203514743
AD106,1.201309984
AD107,1.199494301
AD108,1.201958443
AD109,1.203644435
AD110,1.199623993
AD111,1.198586459
AD112,1.199234917
AD113,1.20247721
AD114,1.205460119
AD115,1.198586459
AD116,1.197548926
AD117,1.202995976
AD118,1.20403351
AD119,1.198197384
AD120,1.203644435
AD121,1.199883376
AD122,1.205200735
AD123,1.202088135
AD124,1.203125668
AD125,1.200013068
AD126,1.204422585
AD127,1.197289542
AD128,1.202736593
AD129,1.203644435
AD130,1.198456767
AD131,1.200791218
AD132,1.19715985
AD133,1.201050601
AD134,1.203903818
AD135,1.20403351
AD136,1.201958443
AD137,1.197289542
AD138,1.197030159
AD139,1.198067692
AD140,1.201439676
AD141,1.20169906
AD142,1.20558981
AD143,1.203125668
AD144,1.20403351
AD145,1.199234917
AD146,1.201180293
AD147,1.202347518
AD148,1.198197384
AD149,1.200920909
AD150,1.198975534
AD151,1.204422585
AD152,1.203514743
AD153,1.200661526
AD154,1.201050601
AD155,1.202736593
AD156,1.205460119
AD157,1.198197384
AD158,1.200531834
AD159,1.200272451
AD160,1.201309984
AD161,1.198327076
AD162,1.201569368
AD163,1.203903818
AD164,1.205460119
AD165,1.197678617
AD166,1.205071043
AD167,1.201180293
AD168,1.204941352
AD169,1.198197384
AD170,1.197808309
AD171,1.198456767
AD172,1.198716151
AD173,1.198586459
AD174,1.199883376
AD175,1.198975534
AD176,1.199753684
AD177,1.200791218
AD178,1.20481166
AD179,1.197938001
AD180,1.199234917
AD181,1.20481166
AD182,1.198327076
AD183,1.200402143
AD184,1.202347518
AD185,1.20481166
AD186,1.204681968
AD187,1.205849194
AD188,1.19715985
AD189,1.203385052
AD190,1.204552277
AD191,1.203125668
AD192,1.202606901
AD193,1.203514743
AD194,1.198067692
AD195,1.19715985
AD196,1.198845842
AD197,1.20169906
AD198,1.201180293
AD199,1.199364609
AD200,1.201309984
AD201,1.20558981
AD202,1.205460119
AD203,1.203125668
AD204,1.203385052
AD205,1.197678617
AD206,1.204941352
AD207,1.202088135
AD208,1.205071043
AD209,1.197938001
AD210,1.20403351
AD211,1.203774127
AD212,1.197808309
AD213,1.205849194
AD214,1.197289542
AD215,1.20247721
AD216,1.201569368
AD217,1.186806021
AD218,1.204829919
AD219,1.267913561
AD220,1.051626788
AD221,1.249889664
AD222,1.173288098
AD223,1.083168609
AD224,1.285937459
AD225,1.299455383
AD226,1.294949408
AD227,1.290443434
AD228,1.105698481
AD229,1.272419536
AD230,1.227359791
AD231,1.263407587
AD232,1.186806021
AD233,1.254395638
AD234,1.231865766
AD235,1.092180558
AD236,1.087674583
AD237,1.11471043
AD238,1.165017218
AD239,1.162785722
AD240,1.206299884
AD241,1.215225866
AD242,1.230846335
AD243,1.196258155
AD244,1.238656569
AD245,1.166132966
AD246,1.18398493
AD247,1.1739432
AD248,1.165017218
AD249,1.205184137
AD250,1.205184137
AD251,1.217457362
AD252,1.192910911
AD253,1.234193578
AD254,1.172827452
AD255,1.237540821
AD256,1.166132966
AD257,1.212994371
AD258,1.181753434
AD259,1.225267596
AD260,1.234193578
AD261,1.207415632
AD262,1.212994371
AD263,1.17367753
AD264,1.240555979
AD265,1.215916551
AD266,1.310954347
AD267,1.303914511
AD268,1.222956387
AD269,1.208876714
AD270,1.247595816
AD271,1.082159652
AD272,1.314474266
AD273,1.170157612
AD274,1.177197448
AD275,1.293354755
AD276,1.17367753
AD277,1.120878754
AD278,1.229996224
AD279,1.149038101
AD280,1.310954347
AD281,1.314474266
AD282,1.187757204
AD283,1.159597856
AD284,1.141998264
AD285,1.15255802
AD286,1.127918591
AD287,1.159597856
AD288,1.184237285
AD289,1.149038101
AD290,1.103279162
AD291,1.247595816
AD292,1.138478346
AD293,1.219436469
AD294,1.226476306
AD295,1.177197448
AD296,1.240555979
AD297,1.300394592
AD298,1.127918591
AD299,1.156077938
AD300,1.286314919
AD301,1.325034021
AD302,1.117358836
AD303,1.163117775
AD304,1.321514103
AD305,1.265195408
AD306,1.219436469
AD307,1.089199488
AD308,1.212396632
AD309,1.191277122
AD310,1.191277122
AD311,1.237036061
AD312,1.275755163
AD313,1.317994184
AD314,1.317994184
AD315,1.163117775
AD316,1.15255802
AD317,1.120878754
AD318,1.166637693
AD319,1.296874674
AD320,1.314474266
AD321,1.212396632
AD322,1.092719407
AD323,1.089199488
AD324,1.279275082
AD325,1.222956387
AD326,1.215916551
AD327,1.124398672
AD328,1.099759244
AD329,1.156077938
AD330,1.317994184
AD331,1.268715327
AD332,1.145518183
AD333,1.138478346
AD334,1.201519763
AD335,1.203157311
AD336,1.226901753
AD337,1.187600608
AD338,1.197425894
AD339,1.221170336
AD340,1.219532788
AD341,1.176137774
AD342,1.227720526
AD343,1.227720526
AD344,1.215438919
AD345,1.199882216
AD346,1.2285393
AD347,1.19005693
AD348,1.224445431
AD349,1.19005693
AD350,1.194969573
AD351,1.195788347
AD352,1.19660712
AD353,1.201519763
AD354,1.183506739
AD355,1.193332025
AD356,1.221170336
AD357,1.194150799
AD358,1.224445431
AD359,1.223626657
AD360,1.193332025
AD361,1.187600608
AD362,1.220351562
AD363,1.218714014
AD364,1.190875703
AD365,1.205613633
AD366,1.193332025
AD367,1.176956548
AD368,1.174500227
AD369,1.193332025
AD370,1.203976085
AD371,1.203976085
AD372,1.188419382
AD373,1.225264205
AD374,1.174500227
AD375,1.175319
AD376,1.192513251
AD377,1.20070099
AD378,1.178594096
AD379,1.173681453
AD380,1.175319
AD381,1.20725118
AD382,1.201519763
AD383,1.21134505
AD384,1.2285393
AD385,1.197425894
AD386,1.193332025
AD387,1.204794859
AD388,1.20725118
AD389,1.17941287
AD390,1.219532788
AD391,1.205613633
AD392,1.225264205
AD393,1.203157311
AD394,1.177775322
AD395,1.189238156
AD396,1.199063442
AD397,1.185144287
AD398,1.195788347
AD399,1.194969573
AD400,1.209707502
AD401,1.191694477
AD402,1.199882216
AD403,1.183506739
AD404,1.226901753
AD405,1.21789524
AD406,1.187600608
AD407,1.188419382
AD408,1.218714014
AD409,1.20070099
AD410,1.194969573
AD411,1.185144287
AD412,1.184325513
AD413,1.221170336
AD414,1.185144287
AD415,1.194150799
AD416,1.194150799
AD417,1.214620145
AD418,1.199882216
AD419,1.208069954
AD420,1.20725118
AD421,1.225264205
AD422,1.192513251
AD423,1.181050417
AD424,1.178594096
AD425,1.190875703
AD426,1.188419382
AD427,1.174500227
AD428,1.199063442
AD429,1.205613633
AD430,1.192513251
AD431,1.216257693
AD432,1.176137774
AD433,1.192513251
AD434,1.197425894
AD435,1.182687965
AD436,1.199063442
AD437,1.189238156
AD438,1.197425894
AD439,1.226901753
AD440,1.192513251
AD441,1.175319
AD442,1.222807883
AD443,1.187600608
AD444,1.176137774
AD445,1.208888728
AD446,1.174500227
AD447,1.175319
AD448,1.180231643
AD449,1.202338537
AD450,1.198244668
AD451,1.20725118
AD452,1.202338537
AD453,1.203976085
AD454,1.199063442
AD455,1.184325513
AD456,1.194969573
AD457,1.227720526
AD458,1.212163823
AD459,1.180231643
AD460,1.223626657
AD461,1.217076466
AD462,1.201519763
AD463,1.17941287
AD464,1.184325513
AD465,1.177775322
AD466,1.180231643
AD467,1.226082979
AD468,1.175319
AD469,1.22198911
AD470,1.21789524
AD471,1.222807883
AD472,1.177775322
AD473,1.226082979
AD474,1.215438919
AD475,1.203976085
AD476,1.205613633
AD477,1.181869191
AD478,1.195788347
AD479,1.212163823
AD480,1.222807883
AD481,1.177775322
AD482,1.201519763
AD483,1.203976085
AD484,1.193332025
AD485,1.189238156
AD486,1.208888728
AD487,1.212982597
AD488,1.198244668
AD489,1.219532788
AD490,1.221170336
AD491,1.199882216
AD492,1.189238156
AD493,1.175319
AD494,1.208888728
AD495,1.176137774
AD496,1.173681453
AD497,1.208888728
AD498,1.221170336
AD499,1.20725118
AD500,1.182687965
AD501,1.194969573
AD502,1.194969573
AD503,1.188419382
AD504,1.180231643
AD505,1.20725118
AD506,1.187600608
AD507,1.180231643
AD508,1.199882216
AD509,1.221170336
AD510,1.189238156
AD511,1.20070099
AD512,1.201519763
AD513,1.22198911
AD514,1.22198911
AD515,1.181050417
AD516,1.206432406
AD517,1.184325513
AD518,1.184325513
AD519,1.227720526
AD520,1.212982597
AD521,1.174500227
AD522,1.202338537
AD523,1.173681453
AD524,1.197425894
AD525,1.203976085
AD526,1.126550429
AD527,1.237122903
AD528,1.177979487
AD529,1.147122052
AD530,1.278266148
AD531,1.121407524
AD532,1.239694355
AD533,1.273123243
AD534,1.177979487
AD535,1.229408544
AD536,1.185693845
AD537,1.206265468
AD538,1.129121882
AD539,1.121407524
AD540,1.149693505
AD541,1.193408204
AD542,1.121407524
AD543,1.157407864
AD544,1.244837261
AD545,1.195979657
AD546,1.239694355
AD547,1.239694355
AD548,1.201122563
AD549,1.213979827
AD550,1.231979997
AD551,1.285980507
AD552,1.283409054
AD553,1.221694185
AD554,1.224265638
AD555,1.167693675
AD556,1.170265128
AD557,1.165122222
AD558,1.116264618
AD559,1.21655128
AD560,1.273123243
AD561,1.275694696
AD562,1.185693845
AD563,1.255123073
AD564,1.118836071
AD565,1.188265298
AD566,1.113693165
AD567,1.203903818
AD568,1.198197384
AD569,1.200791218
AD570,1.200661526
AD571,1.198716151
AD572,1.199494301
AD573,1.197938001
AD574,1.197030159
AD575,1.203774127
AD576,1.20325536
AD577,1.204941352
AD578,1.205719502
AD579,1.20169906
AD580,1.198845842
AD581,1.202606901
AD582,1.199364609
AD583,1.200661526
AD584,1.205719502
AD585,1.200402143
AD586,1.198716151
AD587,1.199883376
AD588,1.201050601
AD589,1.200661526
AD590,1.200661526
AD591,1.205978885
AD592,1.198586459
AD593,1.201569368
AD594,1.205460119
AD595,1.200920909
AD596,1.197548926
AD597,1.205849194
AD598,1.204422585
AD599,1.205978885
AD600,1.202606901
AD601,1.199494301
AD602,1.205849194
AD603,1.203644435
AD604,1.202866285
AD605,1.198716151
AD606,1.198067692
AD607,1.20169906
AD608,1.203774127
AD609,1.205978885
AD610,1.202736593
AD611,1.203903818
AD612,1.200531834
AD613,1.204552277
AD614,1.198845842
AD615,1.199364609
AD616,1.203774127
AD617,1.202088135
AD618,1.200791218
AD619,1.203644435
AD620,1.200791218
AD621,1.204681968
AD622,1.200920909
AD623,1.199753684
AD624,1.204941352
AD625,1.204422585
AD626,1.198456767
AD627,1.198327076
AD628,1.201050601
AD629,1.205071043
AD630,1.200142759
AD631,1.200142759
AD632,1.20558981
AD633,1.202217826
AD634,1.199105226
AD635,1.198716151
AD636,1.198716151
AD637,1.202347518
AD638,1.202866285
AD639,1.205200735
AD640,1.201050601
AD641,1.197678617
AD642,1.205978885
AD643,1.202088135
AD644,1.199753684
AD645,1.204163202
AD646,1.199883376
AD647,1.20247721
AD648,1.199623993
AD649,1.20558981
AD650,1.197678617
AD651,1.20247721
AD652,1.202088135
AD653,1.198327076
AD654,1.197289542
AD655,1.198327076
AD656,1.203644435
AD657,1.199364609
AD658,1.205200735
AD659,1.205460119
AD660,1.202866285
AD661,1.197419234
AD662,1.204681968
AD663,1.197548926
AD664,1.204941352
AD665,1.200402143
AD666,1.204941352
AD667,1.204552277
AD668,1.201569368
AD669,1.203125668
AD670,1.198975534
AD671,1.197678617
AD672,1.198197384
AD673,1.205460119
AD674,1.202347518
AD675,1.199623993
AD676,1.205849194
AD677,1.197030159
AD678,1.198197384
AD679,1.203514743
AD680,1.201050601
AD681,1.199234917
AD682,1.200531834
AD683,1.198716151
AD684,1.198067692
AD685,1.204422585
AD686,1.197938001
AD687,1.198845842
AD688,1.201439676
AD689,1.199623993
AD690,1.203774127
AD691,1.197289542
AD692,1.201958443
AD693,1.202736593
AD694,1.205200735
AD695,1.200272451
AD696,1.199105226
AD697,1.202995976
AD698,1.198586459
AD699,1.198197384
AD700,1.200791218
AD701,1.202736593
AD702,1.199105226
AD703,1.197808309
AD704,1.20169906
AD705,1.197289542
AD706,1.197289542
AD707,1.198716151
AD708,1.205460119
AD709,1.204163202
AD710,1.20403351
AD711,1.202347518
AD712,1.197808309
AD713,1.205849194
AD714,1.205200735
AD715,1.205978885
AD716,1.201439676
AD717,1.199883376
AD718,1.204422585
AD719,1.202606901
AD720,1.202866285
AD721,1.198067692
AD722,1.200791218
AD723,1.203644435
AD724,1.20325536
AD725,1.197419234
AD726,1.197938001
AD727,1.205071043
AD728,1.200661526
AD729,1.204292893
AD730,1.198197384
AD731,1.200272451
AD732,1.197289542
AD733,1.202995976
AD734,1.20325536
AD735,1.205719502
AD736,1.203774127
AD737,1.197030159
AD738,1.198845842
AD739,1.201828751
AD740,1.204552277
AD741,1.197678617
AD742,1.198197384
AD743,1.198327076
AD744,1.199494301
AD745,1.20247721
AD746,1.205719502
AD747,1.198197384
AD748,1.203774127
AD749,1.199753684
AD750,1.204941352
AD751,1.198456767
AD752,1.199883376
AD753,1.203903818
AD754,1.198067692
AD755,1.199234917
AD756,1.198197384
AD757,1.203385052
AD758,1.203125668
AD759,1.205719502
AD760,1.203774127
AD761,1.205460119
AD762,1.197548926
AD763,1.20481166
AD764,1.204552277
AD765,1.200661526
AD766,1.197808309
AD767,1.205071043
AD768,1.202088135
AD769,1.20325536
AD770,1.200402143
AD771,1.20247721
AD772,1.20558981
AD773,1.201828751
AD774,1.199234917
AD775,1.197678617
AD776,1.198327076
AD777,1.198845842
AD778,1.204292893
AD779,1.204422585
AD780,1.198975534
AD781,1.19715985
AD782,1.197938001
AD783,1.201050601
AD784,1.202866285
AD785,1.200402143
AD786,1.202088135
AD787,1.203774127
AD788,1.199105226
AD789,1.199234917
AD790,1.197678617
AD791,1.204552277
AD792,1.197678617
AD793,1.202347518
AD794,1.198586459
AD795,1.204681968
AD796,1.198456767
AD797,1.198197384
AD798,1.198845842
AD799,1.202736593
AD800,1.202217826
AD801,1.198716151
AD802,1.197808309
AD803,1.203514743
AD804,1.204552277
AD805,1.200142759
AD806,1.19715985
AD807,1.202995976
AD808,1.204163202
AD809,1.201050601
AD810,1.198327076
AD811,1.20481166
AD812,1.201309984
AD813,1.200920909
AD814,1.201439676
AD815,1.201309984
AD816,1.205849194
AD817,1.201958443
AD818,1.197419234
AD819,1.198845842
AD820,1.20481166
AD821,1.20325536
AD822,1.205071043
AD823,1.197938001
AD824,1.201958443
AD825,1.205719502
AD826,1.199883376
AD827,1.204292893
AD828,1.20481166
AD829,1.199494301
AD830,1.200142759
AD831,1.197419234
AD832,1.202606901
AD833,1.201309984
AD834,1.205978885
AD835,1.19715985
AD836,1.201180293
AD837,1.200272451
AD838,1.204552277
AD839,1.200791218
AD840,1.200531834
AD841,1.203385052
AD842,1.20325536
AD843,1.20558981
AD844,1.20169906
AD845,1.200402143
AD846,1.205460119
AD847,1.202995976
AD848,1.200531834
AD849,1.198456767
AD850,1.203385052
AD851,1.205719502
AD852,1.205719502
AD853,1.199883376
AD854,1.203903818
AD855,1.205719502
AD856,1.198586459
AD857,1.205330427
AD858,1.203125668
AD859,1.198716151
AD860,1.202088135
AD861,1.201958443
AD862,1.205071043
AD863,1.20247721
AD864,1.205719502
AD865,1.205330427
AD866,1.201828751
AD867,1.197938001
AD868,1.199494301
AD869,1.204681968
AD870,1.199234917
AD871,1.203125668
AD872,1.204163202
AD873,1.203774127
AD874,1.201828751
AD875,1.198456767
AD876,1.201828751
AD877,1.199883376
AD878,1.199883376
AD879,1.200531834
AD880,1.204292893
AD881,1.197030159
AD882,1.20403351
AD883,1.205719502
AD884,1.197030159
AD885,1.197289542
AD886,1.205071043
AD887,1.204292893
AD888,1.200920909
AD889,1.201828751
AD890,1.201309984
AD891,1.199105226
AD892,1.199753684
AD893,1.205460119
AD894,1.199234917
AD895,1.199105226
AD896,1.200402143
AD897,1.197678617
AD898,1.20481166
AD899,1.201569368
AD900,1.205849194
AD901,1.200791218
AD902,1.204422585
AD903,1.201050601
AD904,1.199883376
AD905,1.205719502
AD906,1.200791218
AD907,1.197419234
AD908,1.199883376
AD909,1.198197384
AD910,1.199623993
AD911,1.200142759
AD912,1.198197384
AD913,1.198716151
AD914,1.201309984
AD915,1.204552277
AD916,1.200661526
AD917,1.204552277
AD918,1.201439676
AD919,1.198845842
AD920,1.197419234
AD921,1.198716151
AD922,1.19715985
AD923,1.197808309
AD924,1.198586459
AD925,1.200142759
AD926,1.205460119
AD927,1.205071043
AD928,1.199883376
AD929,1.202347518
AD930,1.20169906
AD931,1.197678617
AD932,1.199753684
AD933,1.201439676
AD934,1.265195408
AD935,1.233516143
AD936,1.212396632
AD937,1.089199488
AD938,1.124398672
AD939,1.229996224
AD940,1.215916551
AD941,1.289834837
AD942,1.134958428
AD943,1.15255802
AD944,1.282795
AD945,1.127918591
AD946,1.120878754
AD947,1.293354755
AD948,1.082159652
AD949,1.10679908
AD950,1.247595816
AD951,1.222956387
AD952,1.205356795
AD953,1.286314919
AD954,1.219436469
AD955,1.103279162
AD956,1.096239325
AD957,1.289834837
AD958,1.279275082
AD959,1.325034021
AD960,1.219436469
AD961,1.307434429
AD962,1.293354755
AD963,1.325034021
AD964,1.166637693
AD965,1.310954347
AD966,1.138478346
AD967,1.089199488
AD968,1.096239325
AD969,1.17367753
AD970,1.184237285
AD971,1.321514103
AD972,1.134958428
AD973,1.325034021
AD974,1.282795
AD975,1.215916551
AD976,1.296874674
AD977,1.226476306
AD978,1.314474266
AD979,1.279275082
AD980,1.131438509
AD981,1.307434429
AD982,1.325034021
AD983,1.251115735
AD984,1.184237285
AD985,1.208876714
AD986,1.314474266
AD987,1.300394592
AD988,1.321514103
AD989,1.163117775
AD990,1.124398672
AD991,1.099759244
AD992,1.145518183
AD993,1.265195408
AD994,1.296874674
AD995,1.089199488
AD996,1.096239325
AD997,1.204941352
AD998,1.197678617
AD999,1.200402143
AD1000,1.203385052
AD1001,1.204163202
AD1002,1.201050601
AD1003,1.197030159
AD1004,1.20325536
AD1005,1.202736593
AD1006,1.197030159
AD1007,1.199234917
AD1008,1.205849194
AD1009,1.200791218
AD1010,1.203903818
AD1011,1.204941352
AD1012,1.197030159
AD1013,1.203385052
AD1014,1.202866285
AD1015,1.197938001
AD1016,1.199105226
AD1017,1.201180293
AD1018,1.20247721
AD1019,1.20481166
AD1020,1.198327076
AD1021,1.202995976
AD1022,1.205071043
AD1023,1.202995976
AD1024,1.198845842
AD1025,1.20403351
AD1026,1.199494301
AD1027,1.199753684
AD1028,1.198845842
AD1029,1.198197384
AD1030,1.20247721
AD1031,1.204681968
AD1032,1.199753684
AD1033,1.199623993
AD1034,1.198197384
AD1035,1.200531834
AD1036,1.203385052
AD1037,1.201958443
AD1038,1.199364609
AD1039,1.200531834
AD1040,1.199753684
AD1041,1.20403351
AD1042,1.201180293
AD1043,1.203903818
AD1044,1.202866285
AD1045,1.201958443
AD1046,1.200531834
AD1047,1.20247721
AD1048,1.201180293
AD1049,1.197030159
AD1050,1.200402143
AD1051,1.205330427
AD1052,1.197548926
AD1053,1.199494301
AD1054,1.204552277
AD1055,1.199494301
AD1056,1.205978885
AD1057,1.197678617
AD1058,1.204681968
AD1059,1.201439676
AD1060,1.203903818
AD1061,1.200791218
AD1062,1.205330427
AD1063,1.202347518
AD1064,1.20403351
AD1065,1.198327076
AD1066,1.198975534
AD1067,1.20325536
AD1068,1.20325536
AD1069,1.20325536
AD1070,1.197030159
AD1071,1.202347518
AD1072,1.201958443
AD1073,1.205200735
AD1074,1.202866285
AD1075,1.199234917
AD1076,1.199494301
AD1077,1.198586459
AD1078,1.202217826
AD1079,1.198067692
AD1080,1.201180293
AD1081,1.203774127
AD1082,1.204941352
AD1083,1.201439676
AD1084,1.198845842
AD1085,1.202347518
AD1086,1.200013068
AD1087,1.198586459
AD1088,1.20558981
AD1089,1.201309984
AD1090,1.198716151
AD1091,1.203514743
AD1092,1.199364609
AD1093,1.201569368
AD1094,1.202736593
AD1095,1.202347518
AD1096,1.205460119
AD1097,1.201828751
AD1098,1.197938001
AD1099,1.197938001
AD1100,1.200013068
AD1101,1.20481166
AD1102,1.200402143
AD1103,1.199105226
AD1104,1.197938001
AD1105,1.20169906
AD1106,1.205460119
AD1107,1.203125668
AD1108,1.203644435
AD1109,1.201050601
AD1110,1.204941352
AD1111,1.204552277
AD1112,1.198197384
AD1113,1.197808309
AD1114,1.20247721
AD1115,1.198327076
AD1116,1.202217826
AD1117,1.205200735
AD1118,1.202736593
AD1119,1.202866285
AD1120,1.201180293
AD1121,1.197289542
AD1122,1.200142759
AD1123,1.204681968
AD1124,1.199883376
AD1125,1.199105226
AD1126,1.20403351
AD1127,1.202217826
AD1128,1.199494301
AD1129,1.204292893
AD1130,1.200661526
AD1131,1.200920909
AD1132,1.201958443
AD1133,1.197030159
AD1134,1.201180293
AD1135,1.197419234
AD1136,1.204292893
AD1137,1.197030159
AD1138,1.199105226
AD1139,1.199883376
AD1140,1.20247721
AD1141,1.203385052
AD1142,1.204941352
AD1143,1.202736593
AD1144,1.20247721
AD1145,1.205978885
AD1146,1.201439676
AD1147,1.202736593
AD1148,1.201309984
AD1149,1.201309984
AD1150,1.197419234
AD1151,1.202736593
AD1152,1.199623993
AD1153,1.198067692
AD1154,1.199105226
AD1155,1.204163202
AD1156,1.200272451
AD1157,1.202217826
AD1158,1.197419234
AD1159,1.200272451
AD1160,1.198197384
AD1161,1.201828751
AD1162,1.197419234
AD1163,1.197030159
AD1164,1.203774127
AD1165,1.198067692
AD1166,1.202995976
AD1167,1.202866285
AD1168,1.202088135
AD1169,1.201180293
AD1170,1.201439676
AD1171,1.205200735
AD1172,1.20481166
AD1173,1.203385052
AD1174,1.20481166
AD1175,1.203774127
AD1176,1.200920909
AD1177,1.197289542
AD1178,1.202347518
AD1179,1.203903818
AD1180,1.200013068
AD1181,1.201180293
AD1182,1.198716151
AD1183,1.19715985
AD1184,1.201309984
AD1185,1.198586459
AD1186,1.203774127
AD1187,1.198067692
AD1188,1.200013068
AD1189,1.205460119
AD1190,1.202866285
AD1191,1.199883376
AD1192,1.200402143
AD1193,1.203385052
AD1194,1.20169906
AD1195,1.205849194
AD1196,1.201828751
AD1197,1.20558981
AD1198,1.197808309
AD1199,1.197808309
AD1200,1.199105226
AD1201,1.200920909
AD1202,1.202866285
AD1203,1.202995976
AD1204,1.200272451
AD1205,1.20403351
AD1206,1.201569368
AD1207,1.198197384
AD1208,1.197030159
AD1209,1.201309984
AD1210,1.197030159
AD1211,1.205978885
AD1212,1.201828751
AD1213,1.20481166
AD1214,1.202217826
AD1215,1.200531834
AD1216,1.201958443
AD1217,1.205071043
AD1218,1.204681968
AD1219,1.200531834
AD1220,1.201309984
AD1221,1.199494301
AD1222,1.20481166
AD1223,1.198456767
AD1224,1.205719502
AD1225,1.198067692
AD1226,1.200402143
AD1227,1.203644435
AD1228,1.200531834
AD1229,1.20247721
AD1230,1.205200735
AD1231,1.199883376
AD1232,1.199623993
AD1233,1.202347518
AD1234,1.202606901
AD1235,1.204292893
AD1236,1.201309984
AD1237,1.20481166
AD1238,1.199105226
AD1239,1.200272451
AD1240,1.205200735
AD1241,1.198975534
AD1242,1.200661526
AD1243,1.198197384
AD1244,1.204292893
AD1245,1.200791218
AD1246,1.197808309
AD1247,1.205330427
AD1248,1.199234917
AD1249,1.204163202
AD1250,1.205978885
AD1251,1.205200735
AD1252,1.200531834
AD1253,1.200142759
AD1254,1.20558981
AD1255,1.203125668
AD1256,1.200661526
AD1257,1.198975534
AD1258,1.202217826
AD1259,1.204941352
AD1260,1.197289542
AD1261,1.203774127
AD1262,1.197419234
AD1263,1.202347518
AD1264,1.200661526
AD1265,1.204163202
AD1266,1.197289542
AD1267,1.203125668
AD1268,1.205330427
AD1269,1.198197384
AD1270,1.204681968
AD1271,1.205719502
AD1272,1.200402143
AD1273,1.203774127
AD1274,1.200402143
AD1275,1.199883376
AD1276,1.198716151
AD1277,1.20325536
AD1278,1.199623993
AD1279,1.197548926
AD1280,1.198327076
AD1281,1.202347518
AD1282,1.20481166
AD1283,1.200791218
AD1284,1.202736593
AD1285,1.201958443
AD1286,1.19715985
AD1287,1.205200735
AD1288,1.199364609
AD1289,1.201050601
AD1290,1.198845842
AD1291,1.201309984
AD1292,1.197808309
AD1293,1.203903818
AD1294,1.202606901
AD1295,1.20325536
AD1296,1.202995976
AD1297,1.202995976
AD1298,1.197808309
AD1299,1.201569368
AD1300,1.200531834
AD1301,1.200402143
AD1302,1.200531834
AD1303,1.203644435
AD1304,1.201569368
AD1305,1.200272451
AD1306,1.198327076
AD1307,1.200142759
AD1308,1.202866285
AD1309,1.198975534
AD1310,1.20169906
AD1311,1.202347518
AD1312,1.202866285
AD1313,1.199883376
AD1314,1.205200735
AD1315,1.202347518
AD1316,1.203385052
AD1317,1.202088135
AD1318,1.20481166
AD1319,1.200920909
AD1320,1.197808309
AD1321,1.204292893
AD1322,1.199623993
AD1323,1.202217826
AD1324,1.202217826
AD1325,1.204552277
AD1326,1.199105226
AD1327,1.205849194
AD1328,1.204681968
AD1329,1.202866285
AD1330,1.197548926
AD1331,1.20169906
AD1332,1.20403351
AD1333,1.204941352
AD1334,1.199623993
AD1335,1.202088135
AD1336,1.201180293
AD1337,1.204163202
AD1338,1.205200735
AD1339,1.201439676
AD1340,1.20558981
AD1341,1.202866285
AD1342,1.203514743
AD1343,1.203514743
AD1344,1.201828751
AD1345,1.205200735
AD1346,1.203644435
AD1347,1.199234917
AD1348,1.203514743
AD1349,1.19715985
AD1350,1.203644435
AD1351,1.19715985
AD1352,1.198456767
AD1353,1.203774127
AD1354,1.20325536
AD1355,1.200013068
AD1356,1.198586459
AD1357,1.201569368
AD1358,1.20481166
AD1359,1.200661526
AD1360,1.199105226
AD1361,1.202866285
AD1362,1.199883376
AD1363,1.202736593
AD1364,1.204163202
AD1365,1.198716151
AD1366,1.20403351
AD1367,1.197289542
AD1368,1.199105226
AD1369,1.203385052
AD1370,1.197419234
AD1371,1.20558981
AD1372,1.204552277
AD1373,1.199623993
AD1374,1.202866285
AD1375,1.199623993
AD1376,1.198716151
AD1377,1.197938001
AD1378,1.205071043
AD1379,1.199234917
AD1380,1.201958443
AD1381,1.204163202
AD1382,1.197030159
AD1383,1.198845842
AD1384,1.197808309
AD1385,1.205719502
AD1386,1.200272451
AD1387,1.205978885
AD1388,1.203125668
AD1389,1.19715985
AD1390,1.200142759
AD1391,1.198197384
AD1392,1.197289542
AD1393,1.204552277
AD1394,1.204422585
AD1395,1.203644435
AD1396,1.203774127
AD1397,1.198845842
AD1398,1.199883376
AD1399,1.205978885
AD1400,1.205071043
AD1401,1.204163202
AD1402,1.205460119
AD1403,1.201958443
AD1404,1.20169906
AD1405,1.20325536
AD1406,1.201309984
AD1407,1.200531834
AD1408,1.202866285
AD1409,1.197289542
AD1410,1.205460119
AD1411,1.201828751
AD1412,1.200402143
AD1413,1.198586459
AD1414,1.20481166
AD1415,1.204681968
AD1416,1.20325536
AD1417,1.201180293
AD1418,1.200142759
AD1419,1.199494301
AD1420,1.201828751
AD1421,1.202217826
AD1422,1.199883376
AD1423,1.200791218
AD1424,1.198716151
AD1425,1.202866285
AD1426,1.199234917
AD1427,1.20558981
AD1428,1.199364609
AD1429,1.202088135
AD1430,1.200920909
AD1431,1.198197384
AD1432,1.20481166
AD1433,1.20558981
AD1434,1.198197384
AD1435,1.205460119
AD1436,1.197808309
AD1437,1.203514743
AD1438,1.205849194
AD1439,1.20325536
AD1440,1.198975534
AD1441,1.201828751
AD1442,1.200142759
AD1443,1.199883376
AD1444,1.20247721
AD1445,1.198067692
AD1446,1.200661526
AD1447,1.20247721
AD1448,1.199883376
AD1449,1.200661526
AD1450,1.201180293
AD1451,1.198845842
AD1452,1.20481166
AD1453,1.198975534
AD1454,1.202347518
AD1455,1.202866285
AD1456,1.200531834
AD1457,1.201050601
AD1458,1.201569368
AD1459,1.204941352
AD1460,1.199364609
AD1461,1.197548926
AD1462,1.201828751
AD1463,1.200791218
AD1464,1.197808309
AD1465,1.205330427
AD1466,1.204552277
AD1467,1.205849194
AD1468,1.202217826
AD1469,1.200920909
AD1470,1.203644435
AD1471,1.201569368
AD1472,1.205330427
AD1473,1.198327076
AD1474,1.203774127
AD1475,1.202866285
AD1476,1.203903818
AD1477,1.198586459
AD1478,1.200272451
AD1479,1.200791218
AD1480,1.198327076
AD1481,1.20325536
AD1482,1.198975534
AD1483,1.204163202
AD1484,1.199623993
AD1485,1.205978885
AD1486,1.200142759
AD1487,1.20169906
AD1488,1.202606901
AD1489,1.205071043
AD1490,1.205978885
AD1491,1.205330427
AD1492,1.201180293
AD1493,1.197289542
AD1494,1.203125668
AD1495,1.20247721
AD1496,1.199753684
AD1497,1.202217826
AD1498,1.203385052
AD1499,1.203903818
AD1500,1.20325536
AD1501,1.198197384
AD1502,1.20403351
AD1503,1.199883376
AD1504,1.201180293
AD1505,1.201180293
AD1506,1.200920909
AD1507,1.200272451
AD1508,1.200402143
AD1509,1.198845842
AD1510,1.205200735
AD1511,1.202606901
AD1512,1.20169906
AD1513,1.198197384
AD1514,1.205200735
AD1515,1.202995976
AD1516,1.199753684
AD1517,1.197030159
AD1518,1.205719502
AD1519,1.200402143
AD1520,1.197419234
AD1521,1.198327076
AD1522,1.205200735
AD1523,1.20558981
AD1524,1.198975534
AD1525,1.204422585
AD1526,1.205978885
AD1527,1.205330427
AD1528,1.205978885
AD1529,1.201958443
AD1530,1.197548926
AD1531,1.202866285
AD1532,1.199623993
AD1533,1.197548926
AD1534,1.200920909
AD1535,1.205719502
AD1536,1.197678617
AD1537,1.203514743
AD1538,1.199883376
AD1539,1.203903818
AD1540,1.202995976
AD1541,1.19715985
AD1542,1.200920909
AD1543,1.20481166
AD1544,1.20558981
AD1545,1.202995976
AD1546,1.197419234
AD1547,1.198456767
AD1548,1.199234917
AD1549,1.205978885
AD1550,1.19715985
AD1551,1.197289542
AD1552,1.203644435
AD1553,1.199753684
AD1554,1.205719502
AD1555,1.198456767
AD1556,1.201569368
AD1557,1.198197384
AD1558,1.204163202
AD1559,1.197289542
AD1560,1.201439676
AD1561,1.205849194
AD1562,1.201828751
AD1563,1.197678617
AD1564,1.201050601
AD1565,1.203774127
AD1566,1.197678617
AD1567,1.197548926
AD1568,1.203125668
AD1569,1.199623993
AD1570,1.197030159
AD1571,1.197548926
AD1572,1.197030159
AD1573,1.198067692
AD1574,1.199234917
AD1575,1.198975534
AD1576,1.200531834
AD1577,1.204292893
AD1578,1.198327076
AD1579,1.199623993
AD1580,1.200142759
AD1581,1.202995976
AD1582,1.20169906
AD1583,1.201050601
AD1584,1.200272451
AD1585,1.199623993
AD1586,1.199105226
AD1587,1.204941352
AD1588,1.202995976
AD1589,1.199883376
AD1590,1.202606901
AD1591,1.20247721
AD1592,1.204941352
AD1593,1.197419234
AD1594,1.205719502
AD1595,1.20325536
AD1596,1.198975534
AD1597,1.199753684
AD1598,1.200013068
AD1599,1.203903818
AD1600,1.200013068
AD1601,1.199494301
AD1602,1.202606901
AD1603,1.204292893
AD1604,1.198586459
AD1605,1.202995976
AD1606,1.201180293
AD1607,1.205200735
AD1608,1.205978885
AD1609,1.203385052
AD1610,1.202347518
AD1611,1.203125668
AD1612,1.197808309
AD1613,1.203774127
AD1614,1.199234917
AD1615,1.204941352
AD1616,1.201050601
AD1617,1.199364609
AD1618,1.198845842
AD1619,1.198197384
AD1620,1.200272451
AD1621,1.202866285
AD1622,1.202347518
AD1623,1.201958443
AD1624,1.198067692
AD1625,1.199234917
AD1626,1.203774127
AD1627,1.197938001
AD1628,1.20247721
AD1629,1.205200735
AD1630,1.205719502
AD1631,1.204422585
AD1632,1.204681968
AD1633,1.199494301
AD1634,1.199753684
AD1635,1.199234917
AD1636,1.197808309
AD1637,1.197289542
AD1638,1.202736593
AD1639,1.204422585
AD1640,1.197030159
AD1641,1.205071043
AD1642,1.201309984
AD1643,1.205200735
AD1644,1.204681968
AD1645,1.198845842
AD1646,1.204292893
AD1647,1.198845842
AD1648,1.205200735
AD1649,1.201439676
AD1650,1.205200735
AD1651,1.200661526
AD1652,1.199753684
AD1653,1.197030159
AD1654,1.205849194
AD1655,1.200661526
AD1656,1.205071043
AD1657,1.197808309
AD1658,1.200920909
AD1659,1.197678617
AD1660,1.200272451
AD1661,1.198975534
AD1662,1.202995976
AD1663,1.202347518
AD1664,1.199234917
AD1665,1.198845842
AD1666,1.197289542
AD1667,1.199883376
AD1668,1.198845842
AD1669,1.203514743
AD1670,1.200531834
AD1671,1.197678617
AD1672,1.199364609
AD1673,1.20169906
AD1674,1.199105226
AD1675,1.202088135
AD1676,1.197548926
AD1677,1.204941352
AD1678,1.199753684
AD1679,1.197938001
AD1680,1.197548926
AD1681,1.198327076
AD1682,1.199364609
AD1683,1.204422585
AD1684,1.199105226
AD1685,1.198067692
AD1686,1.200661526
AD1687,1.199364609
AD1688,1.198716151
AD1689,1.198456767
AD1690,1.200920909
AD1691,1.201050601
AD1692,1.202217826
AD1693,1.199234917
AD1694,1.203125668
AD1695,1.200531834
AD1696,1.203125668
AD1697,1.204422585
AD1698,1.197678617
AD1699,1.197419234
AD1700,1.198197384
AD1701,1.203125668
AD1702,1.198197384
AD1703,1.199883376
AD1704,1.197419234
AD1705,1.198327076
AD1706,1.199883376
AD1707,1.197938001
AD1708,1.199623993
AD1709,1.201439676
AD1710,1.197548926
AD1711,1.205330427
AD1712,1.205460119
AD1713,1.201439676
AD1714,1.201828751
AD1715,1.199364609
AD1716,1.202736593
AD1717,1.204163202
AD1718,1.198197384
AD1719,1.205071043
AD1720,1.199623993
AD1721,1.200013068
AD1722,1.20558981
AD1723,1.199494301
AD1724,1.203514743
AD1725,1.201439676
AD1726,1.204681968
AD1727,1.201050601
AD1728,1.197678617
AD1729,1.203125668
AD1730,1.198197384
AD1731,1.199883376
AD1732,1.204941352
AD1733,1.201050601
AD1734,1.197030159
AD1735,1.199234917
AD1736,1.202347518
AD1737,1.201439676
AD1738,1.202866285
AD1739,1.199364609
AD1740,1.205200735
AD1741,1.204292893
AD1742,1.198197384
AD1743,1.202217826
AD1744,1.199623993
AD1745,1.200920909
AD1746,1.20169906
AD1747,1.20403351
AD1748,1.201958443
AD1749,1.202736593
AD1750,1.198975534
AD1751,1.200272451
AD1752,1.19715985
AD1753,1.199105226
AD1754,1.203514743
AD1755,1.197419234
AD1756,1.20481166
AD1757,1.205978885
AD1758,1.202995976
AD1759,1.199494301
AD1760,1.200013068
AD1761,1.201958443
AD1762,1.199105226
AD1763,1.201958443
AD1764,1.200402143
AD1765,1.199105226
AD1766,1.200402143
AD1767,1.20247721
AD1768,1.198586459
AD1769,1.203514743
AD1770,1.197289542
AD1771,1.20169906
AD1772,1.197808309
AD1773,1.201050601
AD1774,1.200661526
AD1775,1.200142759
AD1776,1.200402143
AD1777,1.20325536
AD1778,1.202736593
AD1779,1.198456767
AD1780,1.205200735
AD1781,1.205719502
AD1782,1.198845842
AD1783,1.201828751
AD1784,1.199753684
AD1785,1.198586459
AD1786,1.205460119
AD1787,1.200791218
AD1788,1.202995976
AD1789,1.200920909
AD1790,1.202866285
AD1791,1.199883376
AD1792,1.203774127
AD1793,1.202088135
AD1794,1.200013068
AD1795,1.202088135
AD1796,1.203125668
AD1797,1.198067692
AD1798,1.203903818
AD1799,1.200272451
AD1800,1.199105226
AD1801,1.203774127
AD1802,1.203514743
AD1803,1.204552277
AD1804,1.198716151
AD1805,1.198975534
AD1806,1.201050601
AD1807,1.204422585
AD1808,1.200791218
AD1809,1.201180293
AD1810,1.200661526
AD1811,1.200272451
AD1812,1.199105226
AD1813,1.199883376
AD1814,1.199623993
AD1815,1.203903818
AD1816,1.200272451
AD1817,1.200920909
AD1818,1.200272451
AD1819,1.197548926
AD1820,1.200402143
AD1821,1.198975534
AD1822,1.203644435
AD1823,1.205071043
AD1824,1.205071043
AD1825,1.200272451
AD1826,1.199364609
AD1827,1.20403351
AD1828,1.202736593
AD1829,1.198327076
AD1830,1.198456767
AD1831,1.202995976
AD1832,1.204552277
AD1833,1.200402143
AD1834,1.200013068
AD1835,1.197289542
AD1836,1.205719502
AD1837,1.197938001
AD1838,1.19715985
AD1839,1.202606901
AD1840,1.201828751
AD1841,1.200142759
AD1842,1.20169906
AD1843,1.201958443
AD1844,1.205071043
AD1845,1.202866285
AD1846,1.200402143
AD1847,1.205460119
AD1848,1.203385052
AD1849,1.197938001
AD1850,1.198975534
AD1851,1.205849194
AD1852,1.202866285
AD1853,1.203644435
AD1854,1.203774127
AD1855,1.200531834
AD1856,1.200531834
AD1857,1.203385052
AD1858,1.20169906
AD1859,1.202736593
AD1860,1.20481166
AD1861,1.205849194
AD1862,1.198975534
AD1863,1.198067692
AD1864,1.20481166
AD1865,1.199364609
AD1866,1.197808309
AD1867,1.205849194
AD1868,1.200142759
AD1869,1.202866285
AD1870,1.203385052
AD1871,1.197419234
AD1872,1.200013068
AD1873,1.201180293
AD1874,1.197678617
AD1875,1.205200735
AD1876,1.201439676
AD1877,1.200402143
AD1878,1.20169906
AD1879,1.205330427
AD1880,1.20403351
AD1881,1.200142759
AD1882,1.199105226
AD1883,1.198586459
AD1884,1.202217826
AD1885,1.199753684
AD1886,1.197808309
AD1887,1.201050601
AD1888,1.203644435
AD1889,1.204422585
AD1890,1.197419234
AD1891,1.205071043
AD1892,1.200661526
AD1893,1.20169906
AD1894,1.205719502
AD1895,1.20403351
AD1896,1.199234917
AD1897,1.202606901
AD1898,1.197548926
AD1899,1.200661526
AD1900,1.201828751
AD1901,1.200272451
AD1902,1.197289542
AD1903,1.198975534
AD1904,1.20403351
AD1905,1.197678617
AD1906,1.197419234
AD1907,1.203514743
AD1908,1.204941352
AD1909,1.197289542
AD1910,1.203385052
AD1911,1.203774127
AD1912,1.200142759
AD1913,1.203644435
AD1914,1.200402143
AD1915,1.198716151
AD1916,1.200531834
AD1917,1.200013068
AD1918,1.205200735
AD1919,1.200661526
AD1920,1.198456767
AD1921,1.197289542
AD1922,1.198197384
AD1923,1.200920909
AD1924,1.200013068
AD1925,1.205719502
AD1926,1.198716151
AD1927,1.199234917
AD1928,1.202347518
AD1929,1.200013068
AD1930,1.203774127
AD1931,1.204941352
AD1932,1.201958443
AD1933,1.200272451
AD1934,1.201309984
AD1935,1.200402143
AD1936,1.202217826
AD1937,1.198845842
AD1938,1.199364609
AD1939,1.205849194
AD1940,1.204292893
AD1941,1.198845842
AD1942,1.204552277
AD1943,1.199494301
AD1944,1.200791218
AD1945,1.203125668
AD1946,1.203903818
AD1947,1.202606901
AD1948,1.200661526
AD1949,1.200402143
AD1950,1.200791218
AD1951,1.20325536
AD1952,1.202995976
AD1953,1.198975534
AD1954,1.202736593
AD1955,1.19715985
AD1956,1.202866285
AD1957,1.198067692
AD1958,1.203644435
AD1959,1.20169906
AD1960,1.20403351
AD1961,1.202866285
AD1962,1.204681968
AD1963,1.198327076
AD1964,1.202866285
AD1965,1.201439676
AD1966,1.202995976
AD1967,1.200531834
AD1968,1.204681968
AD1969,1.197030159
AD1970,1.204163202
AD1971,1.205071043
AD1972,1.204681968
AD1973,1.198586459
AD1974,1.198327076
AD1975,1.203644435
AD1976,1.19715985
AD1977,1.198975534
AD1978,1.201050601
AD1979,1.199623993
AD1980,1.205460119
AD1981,1.197808309
AD1982,1.198586459
AD1983,1.201180293
AD1984,1.198845842
AD1985,1.198197384
AD1986,1.205719502
AD1987,1.199623993
AD1988,1.198716151
AD1989,1.203774127
AD1990,1.204292893
AD1991,1.198067692
AD1992,1.201180293
AD1993,1.200531834
AD1994,1.200791218
AD1995,1.205071043
AD1996,1.203514743
AD1997,1.200013068
AD1998,1.198975534
AD1999,1.20403351
AD2000,1.20325536
AD2001,1.197678617
AD2002,1.202347518
AD2003,1.199753684
AD2004,1.199105226
AD2005,1.197938001
AD2006,1.20169906
AD2007,1.20325536
AD2008,1.203514743
AD2009,1.205978885
AD2010,1.20558981
AD2011,1.197938001
AD2012,1.199234917
AD2013,1.201958443
AD2014,1.197678617
AD2015,1.197030159
AD2016,1.197030159
AD2017,1.20403351
AD2018,1.204292893
AD2019,1.205978885
AD2020,1.20169906
AD2021,1.201569368
AD2022,1.200531834
AD2023,1.197548926
AD2024,1.198716151
AD2025,1.205460119
AD2026,1.200661526
AD2027,1.20325536
AD2028,1.198845842
AD2029,1.202347518
AD2030,1.199883376
AD2031,1.205460119
AD2032,1.20169906
AD2033,1.198586459
AD2034,1.198586459
AD2035,1.205849194
AD2036,1.197548926
AD2037,1.198456767
AD2038,1.201569368
AD2039,1.199234917
AD2040,1.205071043
AD2041,1.199364609
AD2042,1.200272451
AD2043,1.205071043
AD2044,1.204163202
AD2045,1.203774127
AD2046,1.204163202
AD2047,1.204552277
AD2048,1.201180293
AD2049,1.199234917
AD2050,1.204292893
AD2051,1.205849194
AD2052,1.197289542
AD2053,1.20247721
AD2054,1.204941352
AD2055,1.203644435
AD2056,1.199883376
AD2057,1.198975534
AD2058,1.197548926
AD2059,1.203385052
AD2060,1.198975534
AD2061,1.205200735
AD2062,1.201050601
AD2063,1.20558981
AD2064,1.202995976
AD2065,1.205200735
AD2066,1.197030159
AD2067,1.197938001
AD2068,1.198327076
AD2069,1.19715985
AD2070,1.202347518
AD2071,1.203125668
AD2072,1.202606901
AD2073,1.200920909
AD2074,1.200402143
AD2075,1.205071043
AD2076,1.197678617
AD2077,1.203385052
AD2078,1.202347518
AD2079,1.199234917
AD2080,1.198067692
AD2081,1.204292893
AD2082,1.201180293
AD2083,1.205330427
AD2084,1.198716151
AD2085,1.204552277
AD2086,1.20325536
AD2087,1.202347518
AD2088,1.204163202
AD2089,1.20481166
AD2090,1.199105226
AD2091,1.203644435
AD2092,1.198067692
AD2093,1.20558981
AD2094,1.205849194
AD2095,1.197938001
AD2096,1.201828751
AD2097,1.199105226
AD2098,1.203644435
AD2099,1.203774127
AD2100,1.200661526
AD2101,1.197808309
AD2102,1.20403351
AD2103,1.20247721
AD2104,1.197030159
AD2105,1.197030159
AD2106,1.202088135
AD2107,1.200142759
AD2108,1.198586459
AD2109,1.204163202
AD2110,1.205460119
AD2111,1.201569368
AD2112,1.103279162
AD2113,1.120878754
AD2114,1.141998264
AD2115,1.159597856
AD2116,1.138478346
AD2117,1.17367753
AD2118,1.096239325
AD2119,1.138478346
AD2120,1.10679908
AD2121,1.199105226
AD2122,1.200272451
AD2123,1.197938001
AD2124,1.202995976
AD2125,1.200531834
AD2126,1.201050601
AD2127,1.198327076
AD2128,1.197548926
AD2129,1.202866285
AD2130,1.20247721
AD2131,1.200402143
AD2132,1.203125668
AD2133,1.198716151
AD2134,1.205200735
AD2135,1.20325536
AD2136,1.205719502
AD2137,1.198845842
AD2138,1.20169906
AD2139,1.201439676
AD2140,1.20403351
AD2141,1.197030159
AD2142,1.20403351
AD2143,1.199494301
AD2144,1.205071043
AD2145,1.197548926
AD2146,1.201828751
AD2147,1.20481166
AD2148,1.199623993
AD2149,1.198327076
AD2150,1.199234917
AD2151,1.203774127
AD2152,1.198716151
AD2153,1.198716151
AD2154,1.201569368
AD2155,1.20169906
AD2156,1.203774127
AD2157,1.198716151
AD2158,1.198845842
AD2159,1.200272451
AD2160,1.20558981
AD2161,1.198586459
AD2162,1.202866285
AD2163,1.204422585
AD2164,1.200661526
AD2165,1.200013068
AD2166,1.201439676
AD2167,1.200661526
AD2168,1.197030159
AD2169,1.197938001
AD2170,1.202347518
AD2171,1.205719502
AD2172,1.197289542
AD2173,1.200661526
AD2174,1.198197384
AD2175,1.199494301
AD2176,1.205849194
AD2177,1.205071043
AD2178,1.20481166
AD2179,1.199883376
AD2180,1.20325536
AD2181,1.202736593
AD2182,1.198456767
AD2183,1.197289542
AD2184,1.198845842
AD2185,1.204681968
AD2186,1.204552277
AD2187,1.198845842
AD2188,1.203644435
AD2189,1.200272451
AD2190,1.199623993
AD2191,1.20558981
AD2192,1.198975534
AD2193,1.20481166
AD2194,1.197548926
AD2195,1.202995976
AD2196,1.201439676
AD2197,1.205460119
AD2198,1.198716151
AD2199,1.202736593
AD2200,1.197030159
AD2201,1.200791218
AD2202,1.202088135
AD2203,1.197419234
AD2204,1.203903818
AD2205,1.203385052
AD2206,1.197419234
AD2207,1.199623993
AD2208,1.200920909
AD2209,1.200661526
AD2210,1.200142759
AD2211,1.201309984
AD2212,1.202217826
AD2213,1.197938001
AD2214,1.199234917
AD2215,1.20481166
AD2216,1.200013068
AD2217,1.200791218
AD2218,1.204422585
AD2219,1.204681968
AD2220,1.202217826
AD2221,1.200013068
AD2222,1.201180293
AD2223,1.197289542
AD2224,1.200920909
AD2225,1.203514743
AD2226,1.204292893
AD2227,1.203514743
AD2228,1.203514743
AD2229,1.199494301
AD2230,1.202088135
AD2231,1.200661526
AD2232,1.200791218
AD2233,1.199623993
AD2234,1.202217826
AD2235,1.20169906
AD2236,1.199105226
AD2237,1.197938001
AD2238,1.197289542
AD2239,1.200013068
AD2240,1.203385052
AD2241,1.200272451
AD2242,1.197289542
AD2243,1.200661526
AD2244,1.198327076
AD2245,1.205330427
AD2246,1.204941352
AD2247,1.198197384
AD2248,1.205719502
AD2249,1.197030159
AD2250,1.202866285
AD2251,1.200402143
AD2252,1.200013068
AD2253,1.203774127
AD2254,1.197808309
AD2255,1.198586459
AD2256,1.204941352
AD2257,1.205719502
AD2258,1.204941352
AD2259,1.198586459
AD2260,1.202347518
AD2261,1.205200735
AD2262,1.205330427
AD2263,1.199623993
AD2264,1.20325536
AD2265,1.205978885
AD2266,1.202866285
AD2267,1.200272451
AD2268,1.197419234
AD2269,1.199753684
AD2270,1.20247721
AD2271,1.199364609
AD2272,1.199883376
AD2273,1.201050601
AD2274,1.204941352
AD2275,1.205460119
AD2276,1.204163202
AD2277,1.205849194
AD2278,1.201439676
AD2279,1.202995976
AD2280,1.198456767
AD2281,1.202088135
AD2282,1.200142759
AD2283,1.201050601
AD2284,1.205978885
AD2285,1.197938001
AD2286,1.200920909
AD2287,1.198067692
AD2288,1.202736593
AD2289,1.205460119
AD2290,1.200272451
AD2291,1.204552277
AD2292,1.199883376
AD2293,1.204681968
AD2294,1.198586459
AD2295,1.202736593
AD2296,1.203385052
AD2297,1.198067692
AD2298,1.197808309
AD2299,1.202606901
AD2300,1.198845842
AD2301,1.202606901
AD2302,1.201309984
AD2303,1.198067692
AD2304,1.202736593
AD2305,1.204292893
AD2306,1.200013068
AD2307,1.203385052
AD2308,1.199753684
AD2309,1.198067692
AD2310,1.202088135
AD2311,1.198067692
AD2312,1.199494301
AD2313,1.197938001
AD2314,1.204292893
AD2315,1.202217826
AD2316,1.197030159
AD2317,1.197548926
AD2318,1.200013068
AD2319,1.204552277
AD2320,1.200013068
AD2321,1.199883376
AD2322,1.197030159
AD2323,1.199494301
AD2324,1.200661526
AD2325,1.204552277
AD2326,1.202347518
AD2327,1.198327076
AD2328,1.199234917
AD2329,1.205200735
AD2330,1.203125668
AD2331,1.203125668
AD2332,1.203903818
AD2333,1.199105226
AD2334,1.204681968
AD2335,1.204163202
AD2336,1.201828751
AD2337,1.205978885
AD2338,1.197808309
AD2339,1.202866285
AD2340,1.203385052
AD2341,1.20403351
AD2342,1.202088135
AD2343,1.200531834
AD2344,1.199883376
AD2345,1.204552277
AD2346,1.204292893
AD2347,1.203385052
AD2348,1.199753684
AD2349,1.202217826
AD2350,1.204941352
AD2351,1.197030159
AD2352,1.201439676
AD2353,1.20558981
AD2354,1.197030159
AD2355,1.199234917
AD2356,1.197678617
AD2357,1.19715985
AD2358,1.20325536
AD2359,1.205071043
AD2360,1.201569368
AD2361,1.205719502
AD2362,1.203903818
AD2363,1.198456767
AD2364,1.199623993
AD2365,1.199883376
AD2366,1.197030159
AD2367,1.202736593
AD2368,1.201828751
AD2369,1.198975534
AD2370,1.197289542
AD2371,1.203125668
AD2372,1.200791218
AD2373,1.205200735
AD2374,1.201958443
AD2375,1.20169906
AD2376,1.200402143
AD2377,1.205978885
AD2378,1.202088135
AD2379,1.20325536
AD2380,1.20325536
AD2381,1.201828751
AD2382,1.198197384
AD2383,1.201569368
AD2384,1.204681968
AD2385,1.203125668
AD2386,1.20325536
AD2387,1.204681968
AD2388,1.200531834
AD2389,1.20558981
AD2390,1.205460119
AD2391,1.201180293
AD2392,1.200142759
AD2393,1.200013068
AD2394,1.198586459
AD2395,1.201569368
AD2396,1.202606901
AD2397,1.200791218
AD2398,1.200142759
AD2399,1.205849194
AD2400,1.205719502
AD2401,1.199753684
AD2402,1.199234917
AD2403,1.200013068
AD2404,1.203514743
AD2405,1.199883376
AD2406,1.197289542
AD2407,1.205460119
AD2408,1.198845842
AD2409,1.203903818
AD2410,1.201180293
AD2411,1.197938001
AD2412,1.198327076
AD2413,1.200661526
AD2414,1.203774127
AD2415,1.202736593
AD2416,1.200013068
AD2417,1.20247721
AD2418,1.202995976
AD2419,1.202736593
AD2420,1.200661526
AD2421,1.197808309
AD2422,1.201439676
AD2423,1.199494301
AD2424,1.197678617
AD2425,1.198845842
AD2426,1.202217826
AD2427,1.200272451
AD2428,1.205330427
AD2429,1.205330427
AD2430,1.198845842
AD2431,1.200013068
AD2432,1.197808309
AD2433,1.198327076
AD2434,1.203644435
AD2435,1.198975534
AD2436,1.20481166
AD2437,1.201050601
AD2438,1.200920909
AD2439,1.202606901
AD2440,1.20481166
AD2441,1.19715985
AD2442,1.203514743
AD2443,1.20481166
AD2444,1.205071043
AD2445,1.205071043
AD2446,1.197678617
AD2447,1.201828751
AD2448,1.197808309
AD2449,1.202347518
AD2450,1.201439676
AD2451,1.199623993
AD2452,1.201439676
AD2453,1.202606901
AD2454,1.200142759
AD2455,1.203903818
AD2456,1.200013068
AD2457,1.200402143
AD2458,1.199494301
AD2459,1.205460119
AD2460,1.198456767
AD2461,1.200531834
AD2462,1.203774127
AD2463,1.205460119
AD2464,1.200661526
AD2465,1.20558981
AD2466,1.199364609
AD2467,1.199234917
AD2468,1.204941352
AD2469,1.197808309
AD2470,1.198716151
AD2471,1.199105226
AD2472,1.197289542
AD2473,1.205071043
AD2474,1.201050601
AD2475,1.201569368
AD2476,1.199623993
AD2477,1.199883376
AD2478,1.201050601
AD2479,1.20481166
AD2480,1.200920909
AD2481,1.20325536
AD2482,1.204163202
AD2483,1.203903818
AD2484,1.198456767
AD2485,1.201309984
AD2486,1.199623993
AD2487,1.197419234
AD2488,1.201050601
AD2489,1.198067692
AD2490,1.203644435
AD2491,1.198586459
AD2492,1.198067692
AD2493,1.204163202
AD2494,1.201180293
AD2495,1.202606901
AD2496,1.201050601
AD2497,1.203774127
AD2498,1.203514743
AD2499,1.203903818
AD2500,1.198586459
AD2501,1.204552277
AD2502,1.200920909
AD2503,1.205849194
AD2504,1.202866285
AD2505,1.197289542
AD2506,1.197678617
AD2507,1.202736593
AD2508,1.201309984
AD2509,1.20247721
AD2510,1.197678617
AD2511,1.204292893
AD2512,1.201958443
AD2513,1.201439676
AD2514,1.205071043
AD2515,1.20325536
AD2516,1.20558981
AD2517,1.205978885
AD2518,1.198975534
AD2519,1.200531834
AD2520,1.20325536
AD2521,1.199623993
AD2522,1.201569368
AD2523,1.20247721
AD2524,1.201180293
AD2525,1.201439676
AD2526,1.199883376
AD2527,1.202088135
AD2528,1.19715985
AD2529,1.201180293
AD2530,1.201828751
AD2531,1.204163202
AD2532,1.204292893
AD2533,1.202736593
AD2534,1.204292893
AD2535,1.205849194
AD2536,1.204163202
AD2537,1.200013068
AD2538,1.200661526
AD2539,1.20169906
AD2540,1.205200735
AD2541,1.197808309
AD2542,1.203385052
AD2543,1.200142759
AD2544,1.20247721
AD2545,1.197030159
AD2546,1.199105226
AD2547,1.197678617
AD2548,1.205849194
AD2549,1.198067692
AD2550,1.202217826
AD2551,1.198716151
AD2552,1.199494301
AD2553,1.201309984
AD2554,1.202088135
AD2555,1.201309984
AD2556,1.203644435
AD2557,1.204681968
AD2558,1.205719502
AD2559,1.200920909
AD2560,1.202347518
AD2561,1.197548926
AD2562,1.19715985
AD2563,1.202217826
AD2564,1.202217826
AD2565,1.204422585
AD2566,1.202736593
AD2567,1.197548926
AD2568,1.20403351
AD2569,1.202736593
AD2570,1.199364609
AD2571,1.197678617
AD2572,1.197289542
AD2573,1.198845842
AD2574,1.203903818
AD2575,1.20247721
AD2576,1.197419234
AD2577,1.19715985
AD2578,1.20558981
AD2579,1.199753684
AD2580,1.204292893
AD2581,1.204941352
AD2582,1.197030159
AD2583,1.199883376
AD2584,1.203385052
AD2585,1.200142759
AD2586,1.202736593
AD2587,1.199883376
AD2588,1.199494301
AD2589,1.205460119
AD2590,1.204292893
AD2591,1.200142759
AD2592,1.205849194
AD2593,1.199883376
AD2594,1.197678617
AD2595,1.202347518
AD2596,1.197419234
AD2597,1.199753684
AD2598,1.197289542
AD2599,1.201180293
AD2600,1.202866285
AD2601,1.200920909
AD2602,1.197938001
AD2603,1.197808309
AD2604,1.200402143
AD2605,1.201050601
AD2606,1.198716151
AD2607,1.197419234
AD2608,1.198716151
AD2609,1.20169906
AD2610,1.205460119
AD2611,1.200661526
AD2612,1.203125668
AD2613,1.20169906
AD2614,1.202736593
AD2615,1.204941352
AD2616,1.204941352
AD2617,1.199753684
AD2618,1.200791218
AD2619,1.205719502
AD2620,1.205460119
AD2621,1.205978885
AD2622,1.199105226
AD2623,1.198975534
AD2624,1.199883376
AD2625,1.199494301
AD2626,1.205071043
AD2627,1.20169906
AD2628,1.198975534
AD2629,1.199234917
AD2630,1.204941352
AD2631,1.204941352
AD2632,1.198197384
AD2633,1.20325536
AD2634,1.203903818
AD2635,1.200531834
AD2636,1.205719502
AD2637,1.197548926
AD2638,1.204681968
AD2639,1.198845842
AD2640,1.199105226
AD2641,1.202347518
AD2642,1.201309984
AD2643,1.203514743
AD2644,1.20403351
AD2645,1.205330427
AD2646,1.203514743
AD2647,1.198845842
AD2648,1.199753684
AD2649,1.200272451
AD2650,1.202995976
AD2651,1.203125668
AD2652,1.200531834
AD2653,1.202995976
AD2654,1.202866285
AD2655,1.199364609
AD2656,1.199883376
AD2657,1.197808309
AD2658,1.197030159
AD2659,1.202606901
AD2660,1.197419234
AD2661,1.202866285
AD2662,1.205330427
AD2663,1.205071043
AD2664,1.20558981
AD2665,1.199883376
AD2666,1.197808309
AD2667,1.198975534
AD2668,1.199105226
AD2669,1.199364609
AD2670,1.202995976
AD2671,1.199494301
AD2672,1.200402143
AD2673,1.20481166
AD2674,1.203514743
AD2675,1.205978885
AD2676,1.200013068
AD2677,1.205849194
AD2678,1.199623993
AD2679,1.200402143
AD2680,1.197289542
AD2681,1.199753684
AD2682,1.204681968
AD2683,1.20325536
AD2684,1.205849194
AD2685,1.203774127
AD2686,1.198975534
AD2687,1.198456767
AD2688,1.198845842
AD2689,1.199105226
AD2690,1.205719502
AD2691,1.20403351
AD2692,1.202606901
AD2693,1.20169906
AD2694,1.202088135
AD2695,1.201569368
AD2696,1.197938001
AD2697,1.203125668
AD2698,1.202217826
AD2699,1.198067692
AD2700,1.202088135
AD2701,1.198845842
AD2702,1.199234917
AD2703,1.204422585
AD2704,1.20247721
AD2705,1.198586459
AD2706,1.198067692
AD2707,1.204422585
AD2708,1.20169906
AD2709,1.200013068
AD2710,1.201439676
AD2711,1.202995976
AD2712,1.202606901
AD2713,1.200013068
AD2714,1.198586459
AD2715,1.201439676
AD2716,1.198586459
AD2717,1.199105226
AD2718,1.198845842
AD2719,1.204292893
AD2720,1.200531834
AD2721,1.197678617
AD2722,1.202606901
AD2723,1.204681968
AD2724,1.197419234
AD2725,1.204422585
AD2726,1.205719502
AD2727,1.202088135
AD2728,1.205330427
AD2729,1.200402143
AD2730,1.197030159
AD2731,1.198975534
AD2732,1.202088135
AD2733,1.202347518
AD2734,1.200402143
AD2735,1.197548926
AD2736,1.197938001
AD2737,1.199494301
AD2738,
